# kind, mapID, x, y, settlementKey, name, areaID   (x and y are 0-100)
# kind is inn | bank | auction | trainer:<TYPE>. settlementKey "-" means outside any settlement.
inn	2521	62.18	72.69	valanaar	Valanaar	16638
bank	2521	57.68	77.10	valanaar	Valanaar	16638
auction	2521	57.89	77.07	valanaar	Valanaar	16638
trainer:SHAMAN	2521	58.3	78.4	valanaar	Valanaar
trainer:ENCHANTING	2521	59.2	76.4	valanaar	Valanaar
trainer:ALCHEMY	2521	59.2	76.3	valanaar	Valanaar
trainer:SKINNING	2521	59.6	76.0	valanaar	Valanaar
trainer:HERBALISM	2521	57.9	75.5	valanaar	Valanaar
trainer:HUNTER	2521	59.6	72.6	valanaar	Valanaar
trainer:PET	2521	59.6	72.5	valanaar	Valanaar
trainer:WARRIOR	2521	59.9	72.8	valanaar	Valanaar
trainer:ROGUE	2521	59.9	72.5	valanaar	Valanaar
trainer:COOKING	2521	60.7	72.7	valanaar	Valanaar
trainer:FIRSTAID	2521	63.1	72.6	valanaar	Valanaar
trainer:FISHING	2521	63.2	75.7	valanaar	Valanaar
trainer:LEATHERWORKING	2521	63.7	80.6	valanaar	Valanaar
trainer:TAILORING	2521	64.4	81.2	valanaar	Valanaar
trainer:MINING	2521	65.4	80.5	valanaar	Valanaar
trainer:BLACKSMITHING	2521	65.4	80.0	valanaar	Valanaar
trainer:ALCHEMY	2521	66.3	79.5	valanaar	Valanaar
trainer:MAGE	2521	65.9	80.5	valanaar	Valanaar
trainer:DRUID	2521	64.0	75.1	valanaar	Valanaar
trainer:ENGINEERING	2521	53.99	38.92	-	Zephras Isle
# Shen'dar Village (no area id yet: run /mzdump area at its inn to add one)
trainer:FIRSTAID	2521	43.1	46.3	shendar_village	Shen'dar Village
trainer:SHAMAN	2521	43.4	44.9	shendar_village	Shen'dar Village
trainer:FISHING	2521	45.0	48.4	shendar_village	Shen'dar Village
trainer:WARRIOR	2521	44.9	45.1	shendar_village	Shen'dar Village
trainer:DRUID	2521	45.2	44.3	shendar_village	Shen'dar Village
trainer:HUNTER	2521	45.3	44.3	shendar_village	Shen'dar Village
trainer:MAGE	2521	45.1	45.9	shendar_village	Shen'dar Village
trainer:LEATHERWORKING	2521	44.7	44.5	shendar_village	Shen'dar Village
trainer:MINING	2521	44.8	44.5	shendar_village	Shen'dar Village
trainer:BLACKSMITHING	2521	44.9	44.3	shendar_village	Shen'dar Village
trainer:TAILORING	2521	44.9	44.2	shendar_village	Shen'dar Village
trainer:COOKING	2521	43.8	43.9	shendar_village	Shen'dar Village
trainer:ALCHEMY	2521	43.7	43.4	shendar_village	Shen'dar Village
trainer:SKINNING	2521	43.3	43.4	shendar_village	Shen'dar Village
trainer:ENCHANTING	2521	43.2	43.2	shendar_village	Shen'dar Village
trainer:ROGUE	2521	43.2	43.3	shendar_village	Shen'dar Village
trainer:HERBALISM	2521	43.0	43.5	shendar_village	Shen'dar Village
inn	2521	43.0	43.3	shendar_village	Shen'dar Village	16624
# Dalaran (Alterac Mountains map 1416; a city, defined in towns.tsv). Keys note the highest rank a profession trainer offers
# (_including_<tier>) and number repeats (_2). Inns 1/2 and 3/4 are two buildings with two innkeepers each.
# Banks there don't work, so none are listed.
trainer:druid	1416	11.8	56.6	dalaran	Dalaran
trainer:enchanting	1416	16.8	62.2	dalaran_including_expert	Dalaran
trainer:first_aid	1416	17.2	61.1	dalaran_including_journeyman	Dalaran
trainer:tailoring	1416	17.7	60.2	dalaran_including_expert	Dalaran
trainer:alchemy	1416	18.5	62.5	dalaran_including_expert	Dalaran
trainer:alchemy	1416	18.5	62.3	dalaran_including_expert_2	Dalaran
trainer:blacksmithing	1416	19.7	63.3	dalaran_including_expert	Dalaran
trainer:herbalism	1416	18.4	63.1	dalaran_including_artisan	Dalaran
inn	1416	18.3	66.6	dalaran	Dalaran
inn	1416	18.6	65.7	dalaran_2	Dalaran
stable_master	1416	19.8	70.2	dalaran	Dalaran
trainer:mage	1416	17.7	69.5	dalaran	Dalaran
trainer:cooking	1416	12.6	65.9	dalaran_including_journeyman	Dalaran
inn	1416	12.1	66.5	dalaran_3	Dalaran
inn	1416	11.3	66.1	dalaran_4	Dalaran
entrance	1416	21.9	82.8	dalaran	Dalaran
leyline	1416	19.9	86.1	-	Alterac Mountains
leyline	1431	18.7	57.2	-	Duskwood
leyline	1431	72.5	30.6	-	Duskwood
leyline	1433	12.6	72.8	-	Redridge Mountains
# City gates, captured from both sides: the point inside the city, and the point on the zone map outside.
# Ironforge's were taken in person (subzone: Gates of Ironforge); the others are from mouse-over on the map.
entrance	1453	74.13	92.25	stormwind	Stormwind
entrance	1429	31.80	48.77	stormwind	Stormwind
entrance	1455	15.18	85.69	ironforge	Ironforge	809
entrance	1426	53.43	34.96	ironforge	Ironforge	809
entrance	1457	73.9	40.0	darnassus	Darnassus
entrance	1438	36.0	54.4	darnassus	Darnassus
entrance	1411	45.5	11.9	orgrimmar	Orgrimmar
entrance	1454	51.7	85.8	orgrimmar	Orgrimmar
entrance	1411	35.50	4.57	orgrimmar	Orgrimmar
entrance	1454	11.50	66.86	orgrimmar	Orgrimmar
entrance	1420	61.9	64.6	undercity	Undercity
entrance	1458	65.7	2.4	undercity	Undercity
entrance	1412	35.94	36.42	thunder_bluff	Thunder Bluff	1638
entrance	1456	24.28	54.67	thunder_bluff	Thunder Bluff
entrance	1456	37.64	79.01	thunder_bluff	Thunder Bluff
entrance	1412	38.31	40.66	thunder_bluff	Thunder Bluff	1638
entrance	1412	39.52	29.20	thunder_bluff	Thunder Bluff	1638
entrance	1456	45.36	12.31	thunder_bluff	Thunder Bluff
entrance	1456	60.70	17.27	thunder_bluff	Thunder Bluff
entrance	1412	42.22	30.03	thunder_bluff	Thunder Bluff	1638
leyline	1428	78.6	61.8	-	Burning Steppes
leyline	1426	56.6	45.6	-	Dun Morogh
leyline	1426	63.8	50.7	-	Dun Morogh
leyline	1417	48.0	60.5	-	Arathi Highlands
leyline	1417	25.3	30.0	-	Arathi Highlands
leyline	1436	59.8	31.5	-	Westfall
leyline	2521	63.9	74.1	-	Zephras Isle
leyline	2521	58.8	33.5	-	Zephras Isle
bank	1453	63.8	80.8	stormwind	Stormwind
trainer:DRUID	1453	36.19	64.28	stormwind	Stormwind
bank	1456	47.4	58.6	thunder_bluff	Thunder Bluff
inn	1454	54.1	68.4	orgrimmar	Orgrimmar
bank	1454	49.6	69.3	orgrimmar	Orgrimmar
auction	1454	55.7	62.9	orgrimmar	Orgrimmar
# Ley lines from the Ley Line Marker addon's data (the user's own in-game gathering), 2026-09-28.
leyline	1429	64.93	67.32	-	Elwynn Forest
leyline	1436	51.10	67.50	-	Westfall
leyline	1439	57.58	26.62	-	Darkshore
leyline	2521	45.50	81.31	-	Zephras Isle
leyline	2521	47.99	59.10	-	Zephras Isle
leyline	2521	38.39	47.58	-	Zephras Isle
leyline	2521	35.28	33.68	-	Zephras Isle
leyline	2521	46.03	18.08	-	Zephras Isle
leyline	2521	50.31	33.18	-	Zephras Isle
leyline	2521	54.97	50.41	-	Zephras Isle
leyline	2521	63.73	45.94	-	Zephras Isle
leyline	2521	68.85	61.88	-	Zephras Isle
leyline	2521	53.80	66.30	-	Zephras Isle
leyline	2521	33.80	55.50	-	Zephras Isle
convergence	1411	45.12	15.70	-	Durotar
convergence	2521	48.44	20.31	-	Zephras Isle
convergence	2521	35.93	33.68	-	Zephras Isle
convergence	2521	46.59	38.24	-	Zephras Isle
convergence	2521	34.07	59.83	-	Zephras Isle
convergence	2521	48.50	55.81	-	Zephras Isle
convergence	2521	52.85	57.52	-	Zephras Isle
convergence	2521	47.64	69.54	-	Zephras Isle
convergence	2521	59.14	79.81	-	Zephras Isle
convergence	1413	54.02	26.59	-	The Barrens
convergence	1413	43.58	42.15	-	The Barrens
convergence	1413	44.79	54.97	-	The Barrens
convergence	1442	74.84	94.43	-	Stonetalon Mountains
convergence	2521	61.59	51.53	-	Zephras Isle
convergence	2521	68.36	66.04	-	Zephras Isle
convergence	2521	64.85	38.02	-	Zephras Isle
convergence	2521	67.51	50.54	-	Zephras Isle
convergence	2521	48.39	80.64	-	Zephras Isle
convergence	2521	67.89	74.94	-	Zephras Isle
convergence	1413	49.67	34.58	-	The Barrens
convergence	1411	53.17	16.15	-	Durotar
convergence	1412	38.61	44.73	-	Mulgore
convergence	1413	48.50	46.29	-	The Barrens
convergence	1413	49.07	15.47	-	The Barrens
convergence	1413	54.82	34.73	-	The Barrens
convergence	1417	52.05	50.70	-	Arathi Highlands
convergence	1437	60.20	56.98	-	Wetlands
convergence	1441	42.19	49.47	-	Thousand Needles
convergence	2521	70.04	61.41	-	Zephras Isle
leyline	1429	27.42	94.27	-	Elwynn Forest
leyline	1429	37.32	55.55	-	Elwynn Forest
leyline	1429	75.25	51.95	-	Elwynn Forest
leyline	1433	30.97	46.11	-	Redridge Mountains
leyline	1436	35.05	72.98	-	Westfall
leyline	1436	41.91	83.29	-	Westfall
leyline	1436	51.30	22.46	-	Westfall
leyline	1439	35.98	86.22	-	Darkshore
leyline	1439	42.81	59.84	-	Darkshore
leyline	1439	60.44	19.48	-	Darkshore
convergence	1412	50.61	52.94	-	Mulgore
