# npc id, faction (Alliance | Horde): the faction a trainer NPC serves, from Wowhead's reactions.
# GENERATED by tools/fetch_npc_factions.py; NPCs friendly to both (or neither on record) aren't listed.
66	Alliance
151	Alliance
167	Alliance
198	Alliance
223	Horde
227	Alliance
233	Alliance
234	Alliance
235	Alliance
240	Alliance
261	Alliance
295	Alliance
328	Alliance
331	Alliance
340	Alliance
344	Alliance
372	Alliance
375	Alliance
376	Alliance
377	Alliance
459	Alliance
460	Alliance
461	Alliance
491	Alliance
514	Alliance
543	Alliance
791	Alliance
812	Alliance
837	Alliance
843	Alliance
895	Alliance
906	Alliance
911	Alliance
912	Alliance
913	Alliance
914	Alliance
915	Alliance
916	Alliance
917	Alliance
918	Alliance
925	Alliance
926	Alliance
927	Alliance
928	Alliance
944	Alliance
957	Alliance
985	Horde
986	Horde
987	Horde
988	Horde
1070	Alliance
1103	Alliance
1198	Alliance
1214	Alliance
1215	Alliance
1218	Alliance
1226	Alliance
1228	Alliance
1229	Alliance
1231	Alliance
1232	Alliance
1234	Alliance
1237	Alliance
1241	Alliance
1243	Alliance
1246	Alliance
1253	Alliance
1275	Alliance
1285	Alliance
1286	Alliance
1292	Alliance
1297	Alliance
1300	Alliance
1317	Alliance
1323	Alliance
1325	Alliance
1340	Alliance
1346	Alliance
1355	Alliance
1356	Alliance
1362	Alliance
1382	Horde
1383	Horde
1385	Horde
1386	Horde
1404	Horde
1430	Alliance
1458	Alliance
1465	Alliance
1466	Alliance
1470	Alliance
1473	Alliance
1632	Alliance
1645	Alliance
1651	Alliance
1668	Alliance
1670	Alliance
1676	Alliance
1680	Alliance
1681	Alliance
1682	Alliance
1683	Alliance
1691	Alliance
1692	Alliance
1697	Alliance
1698	Alliance
1699	Alliance
1700	Alliance
1701	Alliance
1702	Alliance
1703	Alliance
1901	Alliance
1937	Horde
1963	Alliance
2046	Alliance
2080	Alliance
2114	Horde
2119	Horde
2122	Horde
2123	Horde
2124	Horde
2126	Horde
2127	Horde
2128	Horde
2129	Horde
2130	Horde
2131	Horde
2132	Horde
2326	Alliance
2327	Alliance
2329	Alliance
2367	Alliance
2390	Horde
2391	Horde
2399	Horde
2485	Alliance
2489	Alliance
2492	Horde
2704	Horde
2798	Horde
2818	Horde
2855	Horde
2856	Horde
2857	Horde
2878	Alliance
2879	Alliance
2987	Horde
2988	Horde
2998	Horde
2999	Horde
3001	Horde
3003	Horde
3004	Horde
3007	Horde
3008	Horde
3009	Horde
3011	Horde
3013	Horde
3016	Horde
3023	Horde
3026	Horde
3028	Horde
3030	Horde
3031	Horde
3032	Horde
3033	Horde
3034	Horde
3036	Horde
3038	Horde
3039	Horde
3040	Horde
3041	Horde
3042	Horde
3043	Horde
3044	Horde
3045	Horde
3046	Horde
3047	Horde
3048	Horde
3049	Horde
3059	Horde
3060	Horde
3061	Horde
3062	Horde
3063	Horde
3064	Horde
3065	Horde
3066	Horde
3067	Horde
3069	Horde
3080	Horde
3081	Horde
3087	Alliance
3136	Alliance
3137	Alliance
3153	Horde
3154	Horde
3155	Horde
3156	Horde
3157	Horde
3162	Alliance
3165	Horde
3168	Horde
3169	Horde
3170	Horde
3171	Horde
3172	Horde
3173	Horde
3174	Horde
3175	Horde
3177	Alliance
3179	Alliance
3181	Alliance
3184	Horde
3185	Horde
3191	Horde
3290	Alliance
3291	Alliance
3306	Alliance
3315	Horde
3322	Horde
3324	Horde
3325	Horde
3326	Horde
3327	Horde
3328	Horde
3332	Horde
3337	Horde
3338	Horde
3344	Horde
3345	Horde
3347	Horde
3348	Horde
3352	Horde
3353	Horde
3354	Horde
3355	Horde
3357	Horde
3363	Horde
3365	Horde
3373	Horde
3389	Horde
3399	Horde
3401	Horde
3403	Horde
3404	Horde
3406	Horde
3407	Horde
3408	Horde
3412	Horde
3419	Horde
3429	Horde
3432	Horde
3448	Horde
3449	Horde
3464	Horde
3477	Horde
3478	Horde
3479	Horde
3480	Horde
3481	Horde
3482	Horde
3484	Horde
3486	Horde
3487	Horde
3488	Horde
3490	Horde
3518	Alliance
3523	Horde
3545	Alliance
3549	Horde
3555	Horde
3557	Horde
3593	Alliance
3594	Alliance
3595	Alliance
3596	Alliance
3597	Alliance
3598	Alliance
3599	Alliance
3600	Alliance
3601	Alliance
3602	Alliance
3603	Alliance
3604	Alliance
3605	Alliance
3606	Alliance
3607	Alliance
3609	Alliance
3610	Alliance
3611	Alliance
3612	Alliance
3613	Alliance
3614	Alliance
3620	Horde
3622	Horde
3624	Horde
3649	Alliance
3661	Alliance
3688	Horde
3690	Horde
3698	Alliance
3702	Alliance
3703	Horde
3704	Horde
3706	Horde
3707	Horde
3881	Horde
3934	Horde
3963	Alliance
3964	Alliance
3965	Alliance
3967	Alliance
4087	Alliance
4089	Alliance
4090	Alliance
4091	Alliance
4092	Alliance
4138	Alliance
4146	Alliance
4156	Alliance
4159	Alliance
4160	Alliance
4163	Alliance
4165	Alliance
4167	Alliance
4182	Alliance
4183	Alliance
4192	Alliance
4193	Alliance
4195	Alliance
4203	Alliance
4204	Alliance
4205	Alliance
4210	Alliance
4211	Alliance
4212	Alliance
4213	Alliance
4214	Alliance
4215	Alliance
4217	Alliance
4218	Alliance
4219	Alliance
4223	Alliance
4254	Alliance
4256	Alliance
4258	Alliance
4266	Alliance
4320	Alliance
4552	Horde
4563	Horde
4564	Horde
4565	Horde
4566	Horde
4567	Horde
4568	Horde
4573	Horde
4576	Horde
4578	Horde
4582	Horde
4583	Horde
4584	Horde
4586	Horde
4588	Horde
4591	Horde
4593	Horde
4594	Horde
4595	Horde
4596	Horde
4598	Horde
4605	Horde
4606	Horde
4607	Horde
4608	Horde
4609	Horde
4611	Horde
4614	Horde
4616	Horde
4732	Alliance
4752	Horde
4753	Alliance
4772	Alliance
4773	Horde
4898	Alliance
4900	Alliance
4949	Horde
5101	Alliance
5109	Alliance
5113	Alliance
5114	Alliance
5115	Alliance
5116	Alliance
5117	Alliance
5122	Alliance
5123	Alliance
5127	Alliance
5137	Alliance
5141	Alliance
5142	Alliance
5143	Alliance
5144	Alliance
5145	Alliance
5146	Alliance
5147	Alliance
5148	Alliance
5149	Alliance
5150	Alliance
5153	Alliance
5157	Alliance
5159	Alliance
5161	Alliance
5164	Alliance
5165	Alliance
5166	Alliance
5167	Alliance
5171	Alliance
5172	Alliance
5173	Alliance
5174	Alliance
5177	Alliance
5392	Alliance
5479	Alliance
5480	Alliance
5482	Alliance
5484	Alliance
5489	Alliance
5491	Alliance
5492	Alliance
5493	Alliance
5494	Alliance
5495	Alliance
5496	Alliance
5497	Alliance
5498	Alliance
5499	Alliance
5500	Alliance
5501	Alliance
5502	Alliance
5504	Alliance
5505	Alliance
5506	Alliance
5509	Alliance
5511	Alliance
5513	Alliance
5515	Alliance
5516	Alliance
5517	Alliance
5518	Alliance
5564	Alliance
5566	Alliance
5567	Alliance
5611	Horde
5612	Alliance
5690	Horde
5695	Horde
5759	Horde
5811	Horde
5880	Horde
5882	Horde
5883	Horde
5884	Horde
5885	Horde
5938	Horde
5939	Horde
5941	Horde
5943	Horde
5957	Horde
5958	Horde
5994	Horde
6014	Horde
6018	Horde
6094	Alliance
6286	Alliance
6287	Alliance
6288	Alliance
6289	Horde
6290	Horde
6291	Alliance
6292	Alliance
6295	Alliance
6297	Alliance
6299	Alliance
6300	Alliance
6301	Alliance
6306	Alliance
6387	Horde
6734	Alliance
6737	Alliance
6740	Alliance
6747	Horde
6790	Alliance
6929	Horde
7087	Horde
7088	Horde
7089	Horde
7230	Horde
7231	Horde
7232	Alliance
7311	Horde
7312	Alliance
7313	Alliance
7315	Alliance
7866	Alliance
7867	Horde
7868	Alliance
7869	Horde
7870	Alliance
7871	Horde
7944	Alliance
7946	Alliance
7948	Alliance
7949	Alliance
7953	Horde
7954	Alliance
8140	Alliance
8141	Alliance
8142	Horde
8144	Horde
8146	Horde
8153	Horde
8306	Horde
8308	Alliance
8358	Horde
8362	Horde
8363	Horde
8508	Alliance
8670	Alliance
8673	Horde
8674	Horde
8719	Alliance
8722	Horde
8724	Horde
8931	Alliance
8934	Alliance
9465	Alliance
9584	Alliance
9856	Horde
9980	Alliance
9981	Horde
10045	Alliance
10054	Horde
10086	Horde
10088	Horde
10089	Alliance
10090	Alliance
10219	Alliance
10266	Horde
10276	Alliance
10277	Alliance
10278	Horde
10879	Horde
10881	Horde
10930	Alliance
10993	Horde
11017	Horde
11025	Horde
11026	Alliance
11028	Alliance
11029	Alliance
11031	Horde
11037	Alliance
11041	Alliance
11042	Alliance
11044	Horde
11046	Horde
11047	Horde
11048	Horde
11049	Horde
11050	Alliance
11051	Horde
11052	Alliance
11065	Alliance
11066	Horde
11067	Horde
11068	Alliance
11069	Alliance
11070	Alliance
11071	Horde
11072	Alliance
11074	Horde
11081	Alliance
11083	Alliance
11084	Horde
11096	Alliance
11097	Alliance
11098	Horde
11146	Alliance
11177	Horde
11178	Horde
11397	Alliance
11401	Alliance
11406	Alliance
11865	Alliance
11866	Alliance
11867	Alliance
11868	Horde
11869	Horde
11870	Horde
12030	Horde
12032	Horde
12961	Horde
13084	Alliance
13283	Alliance
13417	Horde
14740	Horde
15659	Alliance
28694	Alliance
205729	Horde
244808	Horde
246152	Horde
246344	Horde
246389	Horde
246795	Alliance
246797	Alliance
247223	Alliance
247226	Alliance
247227	Alliance
248415	Alliance
249713	Alliance
251374	Horde
251379	Alliance
251507	Alliance
251972	Alliance
251977	Alliance
251978	Alliance
252084	Alliance
252373	Alliance
252382	Horde
252475	Alliance
253004	Alliance
253092	Alliance
253395	Alliance
254082	Horde
256083	Horde
257446	Alliance
258098	Alliance
258113	Alliance
258785	Alliance
258930	Alliance
260093	Horde
264936	Alliance
265944	Horde
266881	Horde
267324	Horde
267325	Horde
267326	Horde
267327	Horde
267328	Horde
267329	Horde
267330	Horde
267331	Horde
267332	Horde
267333	Alliance
267334	Alliance
267335	Alliance
267336	Alliance
267337	Alliance
267338	Alliance
268238	Alliance
270459	Alliance
275321	Alliance
275322	Alliance
276067	Horde
