# old node id	verdict (one|zero|many|skip)	real taxi ID(s)	old name
# GENERATED by tools/match_modern_taxi_nodes.py. "many" lists every candidate it
# found, most-likely first, but gen_modern_nodes.py renames it to that first one
# regardless -- better than the old descriptive id for now; fix the specific ones
# that turn out wrong by editing this file directly (re-running the matcher won't
# lose a MANUAL_FIXES-driven correction, but won't reorder a "many" row's
# candidates from real data either, so a by-hand reorder here is safe to keep).
# "zero" rows are used as-is (the old descriptive id, unrenamed); "skip" means a
# node this genuinely isn't the real taxi system at all (see NOT_REAL_TAXI).
AALGEN_POINT_FLIGHT	one	1942	Aalgen Point [name]
AERIE_PEAK_FLIGHT	one	43	Aerie Peak [name]
AGMARS_HAMMER_FLIGHT	one	256	Agmar's Hammer [name]
AKEETA_S_HOVEL_FLIGHT	one	1569	Akeeta's Hovel [name]
AKTARS_POST_FLIGHT	one	1643	Aktar's Post [name]
ALGETHERA_FLIGHT	one	2813	Algeth'era [capture]
ALLERIAN_STRONGHOLD_FLIGHT	one	121	Allerian Stronghold [name]
ALTAR_OF_SHATAR_FLIGHT	one	140	Altar of Sha'tar [name]
AMANIZAR_FLIGHT	one	3127	Amani'Zar Flightmaster [manual]
AMANI_FOOTHOLD_FLIGHT	one	3288	Amani Foothold [name]
AMANI_FOOTHOLD_FLIGHT_2	one	3288	Amani Foothold Windcaller [name]
AMBERPINE_LODGE_FLIGHT	one	253	Amberpine Lodge [name]
AMBER_LEDGE_FLIGHT	one	289	Amber Ledge [capture]
ANCHORITES_SOJOURN_FLIGHT	one	1451	Anchorite's Sojourn [name]
ANDORHAL_FLIGHT_ALLIANCE	one	650	Andorhal [name]
ANDORHAL_FLIGHT_HORDE	one	649	Andorhal [name]
ANTECEDENT_ISLE_FLIGHT	one	2734	Antecedent Isle [name]
ANYPORT_FLIGHT	one	2127	Anyport [name]
APEXIS_EXCAVATION_FLIGHT	one	1513	Apexis Excavation [name]
APEX_OBSERVATORY_FLIGHT	one	2801	Apex Observatory [name]
APOTHECARY_CAMP_FLIGHT	one	248	Apothecary Camp [name]
AREA_52_FLIGHT	one	122	Area 52 [name]
ARGENT_TOURNAMENT_GROUNDS_FLIGHT	one	340	Argent Tournament Grounds [name]
AROMS_STAND_FLIGHT	one	2106	Arom's Stand [name]
ASHEN_STRAND_FLIGHT_ALLIANCE	one	2410	Ashen Strand [name]
ASHEN_STRAND_FLIGHT_HORDE	one	2411	Ashen Strand [name]
ASPIRANTS_REST_FLIGHT	one	2519	Aspirant's Rest [capture]
ASTRANAAR_FLIGHT	one	28	Astranaar [name]
ATALAMAN_FLIGHT	one	3128	Atal'Aman Flightmaster [name]
ATALDAZAR_FLIGHT	one	2046	Atal'Dazar [name]
AXEFALL_FLIGHT	one	1487	Axefall [name]
AZUREWING_REPOSE_FLIGHT	one	1613	Azurewing Repose [name]
AZURE_ARCHIVES_FLIGHT	one	2773	Azure Archives [name]
AZURE_WATCH_FLIGHT	one	624	Azure Watch [name]
BAMBALA_FLIGHT	one	593	Bambala [name]
BARBTHORN_RIDGE_FLIGHT	one	2037	Barbthorn Ridge [name]
BASTION_RISE_FLIGHT_ALLIANCE	one	1511	Bastion Rise [name]
BASTION_RISE_FLIGHT_HORDE	one	1512	Bastion Rise [name]
BEASTWATCH_FLIGHT	one	1442	Beastwatch [name]
BEEBLES_WRECK_FLIGHT	one	1221	Beeble's Wreck [name]
BELAMETH_FLIGHT	one	2915	Bel'ameth Flightmaster [name]
BILGEWATER_HARBOR_FLIGHT	one	44	Bilgewater Harbor [name]
BINAN_VILLAGE_FLIGHT	one	1017	Binan Village [name]
BLACKFATHOM_CAMP_FLIGHT	one	338	Blackfathom Camp [name]
BLADESPIRE_CITADEL_FLIGHT	one	1387	Bladespire Citadel [name]
BLEAK_REDOUBT_FLIGHT	one	2398	Bleak Redoubt [name]
BLOODGULCH_FLIGHT	one	659	Bloodgulch [name]
BLOODHOOF_VILLAGE_FLIGHT	one	402	Bloodhoof Village [name]
BLOODMAUL_SLAG_MINES_FLIGHT	one	1389	Bloodmaul Slag Mines [name]
BLOODWATCHER_POINT_FLIGHT	one	632	Bloodwatcher Point [name]
BLOOD_WATCH_FLIGHT	one	93	Blood Watch [name]
BOGPADDLE_FLIGHT	one	599	Bogpaddle [name]
BOOTLEGGER_OUTPOST_FLIGHT	one	539	Bootlegger Outpost [name]
BOOTY_BAY_FLIGHT_ALLIANCE	one	19	Booty Bay [name]
BOOTY_BAY_FLIGHT_HORDE	one	18	Booty Bay [name]
BORGOROK_OUTPOST_FLIGHT	one	259	Bor'gorok Outpost [name]
BOULDERCRAGS_REFUGE_FLIGHT	one	327	Bouldercrag's Refuge [name]
BOZZLES_WRECK_FLIGHT	one	1222	Bozzle's Wreck [name]
BRACKENWALL_VILLAGE_FLIGHT	one	55	Brackenwall Village [name]
BRADENSBROOK_FLIGHT	one	1713	Bradensbrook [name]
BREAKERS_CROWN_FLIGHT	one	1520	Breaker's Crown [name]
BRENNADAM_FLIGHT	one	2086	Brennadam [name]
BRIDGEPORT_FLIGHT	one	2074	Bridgeport [name]
BROADHOOF_OUTPOST_FLIGHT	one	2795	Broadhoof Outpost [name]
CAMP_ANTONIDAS_FLIGHT	one	2774	Camp Antonidas [name]
CAMP_ATAYA_FLIGHT	one	568	Camp Ataya [name]
CAMP_EVERSTILL_FLIGHT	one	615	Camp Everstill [name]
CAMP_MOJACHE_FLIGHT	one	42	Camp Mojache [name]
CAMP_MURROCH_FLIGHT	one	2926	Camp Murroch [name]
CAMP_NOWHERE_FLIGHT	one	2784	Camp Nowhere [name]
CAMP_ONEQWAH_FLIGHT	one	249	Camp Oneqwah [name]
CAMP_STONEWASH_FLIGHT	one	3106	Camp Stonewash Flightmaster [name]
CAMP_TUNKALO_FLIGHT	one	324	Camp Tunka'lo [name]
CAMP_WINTERHOOF_FLIGHT	one	192	Camp Winterhoof [name]
CASTAWAY_ENCAMPMENT_FLIGHT	one	2147	Castaway Encampment [name]
CASTAWAY_POINT_FLIGHT	one	2077	Castaway Point [name]
CENTRAL_ENCAMPMENT_FLIGHT	one	2902	Central Encampment [name]
CHALLIANES_TERRACE_FLIGHT	one	1615	Challiane's Terrace [name]
CHARRED_RAMPARTS_FLIGHT	one	2537	Charred Ramparts [name]
CHILLWIND_CAMP_FLIGHT	one	66	Chillwind Camp [name]
CHISELGRIP_FLIGHT	one	676	Chiselgrip [name]
CITY_CENTER_FLIGHT	one	2003	City Center [name]
CLAWS_EDGE_FLIGHT	one	2589	Claw's Edge [name]
CLIFFWALKER_POST_FLIGHT	one	360	Cliffwalker Post [name]
COBALT_ASSEMBLY_FLIGHT	one	2787	Cobalt Assembly [capture]
CONQUEST_HOLD_FLIGHT	one	250	Conquest Hold [name]
CONSERVATORY_OF_THE_ARCANE_FLIGHT	one	1978	Conservatory of the Arcane [name]
COSMOWRENCH_FLIGHT	one	150	Cosmowrench [name]
CRADLE_OF_CHIJI_FLIGHT	one	992	Cradle of Chi-Ji [name]
CRIMSON_THICKET_FLIGHT	one	1879	Crimson Thicket [name]
CROWN_GUARD_TOWER_FLIGHT	one	87	Crown Guard Tower [name]
CROWS_CROOK_FLIGHT	one	1515	Crow's Crook [name]
CRUSADERS_PINNACLE_FLIGHT	one	335	Crusaders' Pinnacle [name]
CRUSHBLOW_FLIGHT	one	656	Crushblow [name]
CULLENS_POST_FLIGHT	one	1738	Cullen's Post [name]
DALARAN_NORTHREND_FLIGHT	one	310	Dalaran (Northrend) Flightmaster [capture]
DARKBREAK_COVE_FLIGHT	one	524	Darkbreak Cove [name]
DARKHAVEN_FLIGHT	one	2488	Darkhaven [name]
DARKSHIRE_FLIGHT	one	12	Darkshire [name]
DARKSPEARS_EDGE_FLIGHT	one	1396	Darkspear's Edge [name]
DARKTIDE_ROOST_FLIGHT	one	1529	Darktide Roost [name]
DARNASSUS_FLIGHT	one	457	Flightmaster [id]
DAWNCHASER_RETREAT_FLIGHT	one	990	Dawnchaser Retreat [name]
DAWNRISE_EXPEDITION_FLIGHT	one	531	Dawnrise Expedition [name]
DAWNS_BLOSSOM_FLIGHT	one	895	Dawn's Blossom [name]
DEADWASH_FLIGHT	one	2097	Deadwash [name]
DEADWOOD_COVE_FLIGHT	one	2114	Deadwood Cove [name]
DEATHS_RISE_FLIGHT	one	325	Death's Rise [name]
DEEPROOT_FLIGHT	one	1523	Deeproot [name]
DELIVERANCE_POINT_FLIGHT	one	1941	Deliverance Point [name]
DEMOLITION_DOME_FLIGHT	one	2998	Demolition Dome [name]
DESOLATION_HOLD_FLIGHT	one	391	Desolation Hold [name]
DESTINY_POINT_FLIGHT	one	1976	Destiny Point [name]
DIRETUSK_HOLLOW_FLIGHT	one	2092	Diretusk Hollow [name]
DOLANAAR_FLIGHT	one	456	Dolanaar [name]
DOMINANCE_KEEP_FLIGHT	one	2515	Dominance Keep [name]
DOMINATION_POINT_FLIGHT	one	1195	Domination Point [name]
DORNOGAL_FLIGHT	one	2928	Flightmaster [id]
DRAGONMAW_PORT_FLIGHT	one	661	Dragonmaw Port Flightmaster [name]
DRAGONSCALE_BASECAMP_FLIGHT	one	2809	Dragonscale Basecamp [name]
DRAGONSCALE_CAMP_FLIGHT	one	2865	Dragonscale Camp [name]
DRAGONS_MOUTH_FLIGHT	one	634	Dragon's Mouth [name]
DREADWAKES_LANDING_FLIGHT	one	1739	Dreadwake's Landing [name]
DREAMERS_REST_FLIGHT	one	565	Dreamer's Rest [name]
DUNELLES_KINDNESS_FLIGHT	one	2922	Dunelle's Kindness [name]
DUN_MODR_FLIGHT	one	553	Dun Modr [name]
DUN_NIFFELEM_FLIGHT	one	322	Dun Niffelem [name]
DURGAZ_CABIN_FLIGHT	one	2931	Durgaz Cabin [name]
DUROTANS_GRASP_FLIGHT	one	1445	Durotan's Grasp [name]
DUSTWIND_DIG_FLIGHT	one	633	Dustwind Dig [name]
EASTPOINT_TOWER_FLIGHT	one	669	Eastpoint Tower [name]
EASTVALE_LOGGING_CAMP_FLIGHT	one	589	Eastvale Logging Camp [name]
EASTWALL_TOWER_FLIGHT	one	86	Eastwall Tower [name]
EASTWIND_REST_FLIGHT	one	1019	Eastwind Rest [name]
EBON_WATCH_FLIGHT	one	305	Ebon Watch [name]
ECODOME_RHOVAN_FLIGHT	one	3030	Eco-Dome: Rhovan [name]
EKKAS_HIDEAWAY_FLIGHT	one	2437	Ekka's Hideaway [name]
ELODOR_ALLIANCE_FLIGHT	one	1468	Elodor (Alliance) [manual]
EMBAARI_VILLAGE_FLIGHT	one	1381	Embaari Village [name]
EMBERWATCH_FLIGHT	one	2797	Emberwatch [name]
EMERALD_SANCTUARY_FLIGHT	one	166	Emerald Sanctuary [name]
EMPERORS_OMEN_FLIGHT	one	970	Emperor's Omen [name]
ETHEL_RETHOR_FLIGHT	one	370	Ethel Rethor [name]
EVERBLOOM_OVERLOOK_FLIGHT	one	1580	Everbloom Overlook [name]
EVERBLOOM_WILDS_FLIGHT	one	1568	Everbloom Wilds [name]
EVERGROVE_FLIGHT	one	160	Evergrove [name]
EVERLOOK_FLIGHT_ALLIANCE	one	52	Everlook [name]
EVERLOOK_FLIGHT_HORDE	one	53	Everlook [name]
EVERMORN_SPRINGS_FLIGHT	one	1514	Evermorn Springs [name]
EXARCHS_REFUGE_FLIGHT_ALLIANCE	one	1453	Exarch's Refuge [name]
EXARCHS_REFUGE_FLIGHT_HORDE	one	1454	Exarch's Refuge [name]
EXILES_RISE_FLIGHT	one	1384	Exile's Rise [name]
EXPLORERS_LEAGUE_DIGSITE_FLIGHT	one	591	Explorers' League Digsite [name]
EYE_OF_AZSHARA_FLIGHT	one	1870	Eye of Azshara Flightmaster [name]
EYE_OF_YSERA_FLIGHT	one	2904	Eye of Ysera [name]
FAERINS_ADVANCE_FLIGHT	one	2920	Faerin's Advance [name]
FAIRBREEZE_VILLAGE_FLIGHT	one	3133	Fairbreeze Village Flightmaster [capture]
FAITHS_REPOSE_FLIGHT	one	2725	Faith's Repose [name]
FALCONHURST_FLIGHT	one	2108	Falconhurst [name]
FALCONWING_SQUARE_FLIGHT	one	631	Falconwing Square [name]
FALCON_WATCH_FLIGHT	one	102	Falcon Watch [name]
FALLHAVEN_FLIGHT	one	2033	Fallhaven [capture]
FARSTRIDER_LODGE_FLIGHT	one	555	Farstrider Lodge [name]
FARWATCHERS_GLEN_FLIGHT	one	365	Farwatcher's Glen [name]
FEATHERMOON_FLIGHT	one	41	Feathermoon [name]
FELBANE_CAMP_FLIGHT	one	1755	Felbane Camp [name]
FELBLAZE_INGRESS_FLIGHT	one	1859	Felblaze Ingress [name]
FIREBEARDS_PATROL_FLIGHT	one	664	Firebeard's Patrol [name]
FIZZCRANK_AIRSTRIP_FLIGHT	one	246	Fizzcrank Airstrip [name]
FIZZLE_POZZIKS_SPEEDBARGE_FLIGHT	one	513	Fizzle & Pozzik's Speedbarge [name]
FLAMESTAR_POST_FLIGHT	one	675	Flamestar Post [name]
FLAME_CREST_FLIGHT	one	70	Flame Crest [name]
FLETCHERS_HOLLOW_FLIGHT	one	2035	Fletcher's Hollow [capture]
FORDRAGON_HOLD_FLIGHT	one	251	Fordragon Hold [name]
FOREST_SONG_FLIGHT	one	167	Forest Song [name]
FORKRIVER_CROSSING_FLIGHT	one	2793	Forkriver Crossing [name]
FORLORN_RUINS_FLIGHT	one	1956	Forlorn Ruins [name]
FORSAKEN_FOOTHOLD_FLIGHT	one	1741	Forsaken Foothold [name]
FORSAKEN_FORWARD_COMMAND_FLIGHT	one	646	Forsaken Forward Command [name]
FORSAKEN_HIGH_COMMAND_FLIGHT	one	645	Forsaken High Command [name]
FORSAKEN_REAR_GUARD_FLIGHT	one	681	Forsaken Rear Guard [name]
FORT_DAELIN_FLIGHT	one	2138	Fort Daelin [name]
FORT_LIVINGSTON_FLIGHT	one	590	Fort Livingston [name]
FORT_TRIUMPH_FLIGHT	one	389	Fort Triumph [name]
FORT_VICTORY_FLIGHT	one	2078	Fort Victory [name]
FORT_WILDERVAR_FLIGHT	one	184	Fort Wildervar [name]
FORT_WRYNN_ALLIANCE_FLIGHT	one	1447	Fort Wrynn (Alliance) [manual]
FREEHOLD_FLIGHT	one	2023	Freehold [name]
FREYWOLD_VILLAGE_FLIGHT	one	2929	Freywold Village [name]
FROSTHOLD_FLIGHT	one	321	Frosthold [name]
FROSTWALL_GARRISON_FLIGHT	one	1432	Frostwall Garrison [name]
FROSTWOLF_OVERLOOK_FLIGHT	one	1441	Frostwolf Overlook [name]
FURIENS_POST_FLIGHT	one	366	Furien's Post [name]
FURLBROWS_PUMPKIN_FARM_FLIGHT	one	584	Furlbrow's Pumpkin Farm [name]
FUSELIGHT_FLIGHT	one	635	Fuselight [name]
GADGETZAN_FLIGHT_ALLIANCE	one	39	Gadgetzan [name]
GADGETZAN_FLIGHT_HORDE	one	40	Gadgetzan [name]
GAORAN_BATTLEFRONT_FLIGHT	one	1054	Gao-Ran Battlefront [name]
GARADAR_FLIGHT	one	120	Garadar [name]
GARDEN_OF_THE_LOA_FLIGHT	one	2045	Garden of the Loa [name]
GARDEN_OF_THE_MOON_FLIGHT	one	1766	Garden of the Moon [name]
GARDEN_SHRINE_FLIGHT	one	2815	Garden Shrine [name]
GATES_OF_SOTHANN_FLIGHT	one	616	Gates of Sothann [name]
GELIKYR_POST_FLIGHT	one	2811	Gelikyr Post [name]
GLITTERFALL_BASIN_FLIGHT	one	2584	Glitterfall Basin [name]
GLOAMING_REEF_FLIGHT	one	1885	Gloaming Reef [name]
GLOOM_HOLLOW_FLIGHT	one	1955	Gloom Hollow [name]
GOLBOLAR_QUARRY_FLIGHT	one	620	Gol'Bolar Quarry [name]
GOLDSHIRE_FLIGHT	one	582	Goldshire [name]
GRASSY_CLINE_FLIGHT	one	1052	Grassy Cline [name]
GREENWARDENS_GROVE_FLIGHT	one	552	Greenwarden's Grove [name]
GREYWATCH_FLIGHT	one	1744	Greywatch [name]
GRIMWATTS_CRASH_FLIGHT	one	2080	Grimwatt's Crash [name]
GROMARSH_CRASHSITE_FLIGHT	one	323	Grom'arsh Crash-Site [name]
GROMGOL_FLIGHT	one	20	Grom'gol [name]
GROOKIN_HILL_FLIGHT	one	894	Grookin Hill [name]
GROVE_OF_AESSINA_FLIGHT	one	558	Grove of Aessina [name]
GROVE_OF_THE_ANCIENTS_FLIGHT_PAST	one	339	Grove of the Ancients [name]
GROVE_OF_THE_ANCIENTS_FLIGHT_PRESENT	one	339	Grove of the Ancients [name]
GUNDARGAZ_FLIGHT	one	2962	Gundargaz [name]
GUNDRAK_FLIGHT	one	331	Gundrak [name]
GUNSTANS_DIG_FLIGHT	one	532	Gunstan's Dig [name]
GUTTERVILLE_FLIGHT	one	3000	Gutterville [name]
HAFR_FJALL_FLIGHT	one	1863	Hafr Fjall [name]
HALFHILL_FLIGHT	one	985	Halfhill [name]
HALLS_OF_ATONEMENT_FLIGHT	one	2512	Halls of Atonement [name]
HAMMERFALL_FLIGHT	one	17	Hammerfall [name]
HANGMANS_POINT_FLIGHT	one	2034	Hangman's Point [name]
HARALNOR_FLIGHT	one	3195	Har'alnor Flightmaster [name]
HARATHIR_FLIGHT	one	3192	Har'athir Flightmaster [name]
HARDWRENCH_HIDEAWAY_FLIGHT	one	592	Hardwrench Hideaway [name]
HARKUAI_FLIGHT	one	3194	Har'kuai Flightmaster [name]
HARMARA_FLIGHT	one	3196	Har'mara Flightmaster [name]
HATHERFORD_FLIGHT	one	2060	Hatherford [name]
HAVEN_FLIGHT	one	2724	Haven [name]
HEARTHGLEN_FLIGHT	one	672	Hearthglen [name]
HEART_OF_THE_FOREST_FLIGHT	one	2587	Heart of the Forest [name]
HELLFIRE_PENINSULA_FLIGHT_ALLIANCE	one	129	Dark Portal Flightmaster [id]
HELLFIRE_PENINSULA_FLIGHT_HORDE	one	130	Dark Portal Flightmaster [id]
HELLSCREAMS_WATCH_FLIGHT	one	350	Hellscream's Watch [name]
HEROS_REST_FLIGHT	one	2529	Hero's Rest [capture]
HIBERNAL_HOLLOW_FLIGHT	one	2586	Hibernal Hollow [name]
HIGHBANK_FLIGHT	one	662	Highbank Flightmaster [name]
HIGHPASS_FLIGHT	one	1519	Highpass [name]
HILLCREST_PASTURE_FLIGHT	one	2090	Hillcrest Pasture [name]
HILLHELM_FAMILY_FARM_FLIGHT	one	2944	Hillhelm Family Farm [name]
HIRIWATHA_RESEARCH_STATION_FLIGHT	one	617	Hiri'watha Research Station [name]
HONEYDEW_VILLAGE_FLIGHT	one	973	Honeydew Village [name]
HONORS_STAND_FLIGHT	one	387	Honor's Stand [name]
HONOR_HOLD_FLIGHT	one	100	Honor Hold [name]
HOPES_LANDING_FLIGHT	one	1988	Hope's Landing [name]
HOSAAS_REST_FLIGHT	one	3035	Hosaas Rest [name]
HOWLING_RIDGE_FLIGHT	one	3121	Howling Ridge Flightmaster [name]
HUNTERS_HILL_FLIGHT	one	390	Hunter's Hill [name]
HUOJIN_LANDING_FLIGHT	one	1294	Huojin Landing [name]
ILLIDARI_PERCH_FLIGHT	one	1861	Illidari Perch [name]
ILLIDARI_STAND_FLIGHT	one	1622	Illidari Stand [name]
IRONFORGE_FLIGHT	one	6	Flightmaster [id]
IRONGROVE_RETREAT_FLIGHT	one	1880	Irongrove Retreat [name]
IRONHORN_ENCLAVE_FLIGHT	one	1759	Ironhorn Enclave [name]
IRONMAUL_OVERLOOK_FLIGHT	one	2093	Ironmaul Overlook [name]
IRONTREE_CLEARING_FLIGHT	one	597	Irontree Clearing [name]
IRON_DOCKS_FLIGHT	one	1524	Iron Docks [name]
IRON_SIEGEWORKS_FLIGHT	one	1528	Iron Siegeworks [name]
IRON_SUMMIT_FLIGHT	one	673	Iron Summit [name]
ISKAARA_FLIGHT	one	2775	Iskaara [name]
ISLE_OF_FANGS_FLIGHT	one	2164	Isle of Fangs [name]
JADE_TEMPLE_GROUNDS_FLIGHT	one	968	Jade Temple Grounds [name]
JOZS_RYLAKS_FLIGHT	one	1574	Joz's Rylaks [name]
K3_FLIGHT	one	320	K3 [name]
KAMAGUA_FLIGHT	one	295	Kamagua [name]
KARNUMS_GLADE_FLIGHT	one	368	Karnum's Glade [name]
KEEPERS_RESPITE_FLIGHT	one	2698	Keeper's Respite [name]
KELYAS_GRAVE_FLIGHT	one	2403	Kelya's Grave [name]
KENNINGS_LODGE_FLIGHT	one	2079	Kennings Lodge [name]
KERES_REST_FLIGHT	one	2560	Keres' Rest [name]
KHARANOS_FLIGHT	one	619	Kharanos [name]
KIRTHAVEN_FLIGHT	one	666	Kirthaven [name]
KLAXXIVESS_FLIGHT	one	1070	Klaxxi'vess [name]
KORKRON_VANGUARD_FLIGHT	one	260	Kor'kron Vanguard [name]
KOTA_BASECAMP_FLIGHT	one	1023	Kota Basecamp [name]
KRAZZLEFRAZZ_OUTPOST_FLIGHT	one	2135	Krazzlefrazz Outpost [name]
KROKUL_HOVEL_FLIGHT	one	1928	Krokul Hovel [name]
KROMGAR_FORTRESS_FLIGHT	one	362	Krom'gar Fortress [name]
LAKESHIRE_FLIGHT	one	5	Lakeshire [name]
LEGIONS_REST_FLIGHT	one	525	Legion's Rest [name]
LIFE_VAULT_RUINS_FLIGHT	one	2806	Life Vault Ruins [name]
LIGHTSPARK_FLIGHT	one	2923	Lightspark [name]
LIGHTS_BREACH_FLIGHT	one	306	Light's Breach [capture]
LIGHTS_HOPE_CHAPEL_FLIGHT_ALLIANCE	one	67	Light's Hope Chapel [name]
LIGHTS_HOPE_CHAPEL_FLIGHT_HORDE	one	68	Light's Hope Chapel [name]
LIGHTS_REDOUBT_FLIGHT	one	2924	Light's Redoubt [name]
LIGHTS_SHIELD_TOWER_FLIGHT	one	630	Light's Shield Tower [name]
LIONS_LANDING_FLIGHT	one	1190	Lion's Landing [name]
LIONS_WATCH_FLIGHT	one	1620	Lion's Watch [name]
LOAMM_FLIGHT	one	2863	Loamm [name]
LOCUS_POINT_FLIGHT	one	3120	Locus Point Flightmaster [name]
LONGYING_OUTPOST_FLIGHT	one	1053	Longying Outpost [name]
LORDANEL_FLIGHT_PAST	one	26	Lor'danel Flightmaster [name]
LORDANEL_FLIGHT_PRESENT	one	26	Lor'danel [name]
LORELS_CROSSING_FLIGHT	one	2943	Lorel's Crossing [name]
LORLATHIL_FLIGHT	one	1673	Lorlathil [name]
LORNAS_WATCH_FLIGHT	one	1745	Lorna's Watch [name]
LUNARFALL_ALLIANCE_FLIGHT	one	1476	Lunarfall (Alliance) [manual]
LUNARFALL_GARRISON_FLIGHT	one	1476	Lunarfall Flightmaster [manual]
MALAKAJIN_FLIGHT	one	363	Malaka'jin [name]
MALOS_LOOKOUT_FLIGHT	one	1647	Malo's Lookout [name]
MARINERS_ROW_FLIGHT	one	2278	Mariner's Row [name]
MARISTA_FLIGHT	one	993	Marista [name]
MARSHALS_STAND_FLIGHT	one	79	Marshal's Stand [name]
MARSHTIDE_WATCH_FLIGHT	one	598	Marshtide Watch [name]
MARUUKAI_FLIGHT	one	2792	Maruukai [capture]
MASTERS_PERCH_FLIGHT	one	3123	Masters' Perch Flightmaster [name]
MENAGERIE_OF_THE_MASTER_FLIGHT	one	2517	Menagerie of the Master [name]
MENETHIL_HARBOR_FLIGHT	one	7	Menethil Harbor Flightmaster [name]
MEREDIL_FLIGHT	one	1858	Meredil [name]
MERELDAR_FLIGHT	one	2941	Mereldar [name]
MEZZAMERE_FLIGHT	one	2408	Mezzamere [name]
MILDENHALL_MEADERY_FLIGHT	one	2088	Mildenhall Meadery [name]
MILLSTONE_HAMLET_FLIGHT	one	2137	Millstone Hamlet [name]
MIRKFALLON_POST_FLIGHT	one	541	Mirkfallon Post [name]
MISTFALL_VILLAGE_FLIGHT	one	2544	Mistfall Village [name]
MISTVINE_LEDGE_FLIGHT	one	2153	Mistvine Ledge [name]
MMARL_FLIGHT	one	2921	Mmarl [name]
MOAKI_FLIGHT	one	294	Moa'ki [name]
MOKNATHAL_VILLAGE_FLIGHT	one	163	Mok'Nathal Village [name]
MOONBROOK_FLIGHT	one	583	Moonbrook [name]
MOONGLADE_FLIGHT_ALLIANCE	one	49	Lake Elune'ara [id]
MOONGLADE_FLIGHT_HORDE	one	69	Lake Elune'ara [id]
MORGANS_VIGIL_FLIGHT	one	71	Morgan's Vigil [name]
MORQUT_VILLAGE_FLIGHT	one	2855	Morqut Village [name]
MOSSY_PILE_FLIGHT	one	386	Mossy Pile [name]
MUDFISHER_COVE_FLIGHT	one	2275	Mudfisher Cove [name]
MUDSPROCKET_FLIGHT	one	179	Mudsprocket [name]
MUGAMBA_OVERLOOK_FLIGHT	one	2148	Mugamba Overlook [name]
NESINGWARYS_GAMELAND_FLIGHT	one	1965	Nesingwary's Gameland [name]
NESINGWARYS_RETREAT_FLIGHT	one	1767	Nesingwary's Retreat [name]
NESINGWARY_BASE_CAMP_FLIGHT	one	309	Nesingwary Base Camp [name]
NEWHOME_FLIGHT	one	2404	Newhome [name]
NEW_AGAMAND_FLIGHT	one	190	New Agamand [name]
NEW_KARGATH_FLIGHT	one	21	New Kargath [name]
NIGHTHAVEN_FLIGHT_ALLIANCE	one	62	Nighthaven Flightmaster [name]
NIGHTHAVEN_FLIGHT_HORDE	one	63	Nighthaven Flightmaster [name]
NIJELS_POINT_FLIGHT	one	37	Nijel's Point [name]
NIVEKS_OVERLOOK_FLIGHT	one	1573	Nivek's Overlook [name]
NORDRASSIL_FLIGHT	one	559	Nordrassil [name]
NORTHERN_ROCKETWAY_FLIGHT	one	614	Northern Rocketway [name]
NORTHPASS_TOWER_FLIGHT	one	85	Northpass Tower [name]
NORTHWATCH_EXPEDITION_BASE_CAMP_FLIGHT	one	364	Northwatch Expedition Base Camp [name]
NORTHWATCH_HOLD_FLIGHT	one	388	Northwatch Hold [name]
NORWINGTON_ESTATE_FLIGHT	one	2084	Norwington Estate [name]
NOZZLEPOTS_OUTPOST_FLIGHT	one	458	Nozzlepot's Outpost [name]
OASIS_OF_VIRSAR_FLIGHT	one	653	Oasis of Vir'sar [name]
OBSIDIAN_BULWARK_FLIGHT	one	2808	Obsidian Bulwark [name]
OBSIDIAN_OVERLOOK_FLIGHT	one	1758	Obsidian Overlook [name]
OBSIDIAN_REST_FLIGHT	one	2864	Obsidian Rest [name]
OBSIDIAN_THRONE_FLIGHT	one	2802	Obsidian Throne [name]
OHNIRI_SPRINGS_FLIGHT	one	2825	Ohn'iri Springs [capture]
OLD_GATE_FLIGHT	one	2513	Old Gate [name]
ONE_KEG_FLIGHT	one	1022	One Keg [name]
OPPORTUNITY_POINT_FLIGHT	one	2925	Opportunity Point [name]
OREBOR_HARBORAGE_FLIGHT	one	164	Orebor Harborage [name]
ORGRIMMAR_FLIGHT	one	23	Flightmaster [id]
ORIBOS_FLIGHT	one	2395	Flightmaster, Oribos [id]
ORISES_VIGIL_FLIGHT	one	2406	Orise's Vigil [name]
OUTRIGGER_POST_FLIGHT	one	2087	Outrigger Post [name]
OVERSPARK_EXPEDITION_CAMP_FLIGHT	one	2442	Overspark Expedition Camp [name]
PANGS_STEAD_FLIGHT	one	984	Pang's Stead [name]
PATH_OF_THE_LIGHT_FLIGHT	one	1383	Path of the Light [name]
PAWDON_VILLAGE_FLIGHT	one	966	Paw'Don Village [name]
PEARLFIN_VILLAGE_FLIGHT	one	972	Pearlfin Village [name]
PILGRIMS_GRACE_FLIGHT	one	2728	Pilgrim's Grace [name]
PINCHWHISTLE_GEARWORKS_FLIGHT	one	1510	Pinchwhistle Gearworks [name]
PINEWOOD_POST_FLIGHT	one	2798	Pinewood Post [name]
PLAGUEWOOD_TOWER_FLIGHT	one	84	Plaguewood Tower [name]
PLAGUE_WATCH_FLIGHT	one	2569	Plague Watch [name]
PLUNDER_HARBOR_FLIGHT	one	2140	Plunder Harbor [name]
PORT_OF_ZANDALAR_FLIGHT	one	1957	Port of Zandalar [name]
PREPFOOT_FLIGHT	one	1761	Prepfoot [name]
PRIDEFALL_HAMLET_FLIGHT	one	2514	Pridefall Hamlet [name]
PRIORY_OF_THE_SACRED_FLAME_FLIGHT	one	2942	Priory of the Sacred Flame [name]
PROPHETS_REFLECTION_FLIGHT	one	1991	Prophet's Reflection [name]
PROSPECTUS_BAY_FLIGHT	one	2441	Prospectus Bay [name]
PROUDMOORE_KEEP_FLIGHT	one	2277	Proudmoore Keep [name]
RAMBLESHIRE_FLIGHT	one	2932	Rambleshire [name]
RAMKAHEN_FLIGHT	one	652	Ramkahen Flightmaster [name]
RATCHET_FLIGHT	one	80	Ratchet [name]
RAVEN_HILL_FLIGHT	one	622	Raven Hill [name]
RAZOR_HILL_FLIGHT	one	537	Razor Hill [name]
REBEL_CAMP_FLIGHT	one	195	Rebel Camp [name]
REDEMPTION_RISE_FLIGHT	one	1448	Redemption Rise [name]
REDFIELDS_WATCH_FLIGHT	one	2161	Redfield's Watch [name]
REFUGEE_CAMP_FLIGHT	one	2590	Refugee Camp [name]
REFUGE_POINTE_FLIGHT	one	16	Refuge Pointe [name]
RENOUNCED_BASTILLE_FLIGHT	one	2561	Renounced Bastille [name]
RENSAIS_WATCHPOST_FLIGHT	one	1055	Rensai's Watchpost [name]
RETRIBUTION_POINT_FLIGHT	one	1452	Retribution Point [name]
REVANTUSK_VILLAGE_FLIGHT	one	76	Revantusk Village [name]
RHONINS_SHIELD_FLIGHT	one	2786	Rhonin's Shield [name]
RILZITS_HOLDFAST_FLIGHT	one	1572	Rilzit's Holdfast [name]
RIVERSIDE_POST_FLIGHT	one	1505	Riverside Post [name]
RIVERS_HEART_FLIGHT	one	308	River's Heart [name]
ROOTHOME_FLIGHT	one	2588	Root-Home [name]
ROUGHNECK_CAMP_FLIGHT	one	2102	Roughneck Camp [name]
RUBY_LIFE_POOLS_FLIGHT	one	2807	Ruby Life Pools [name]
RUINS_OF_SOUTHSHORE_FLIGHT	one	667	Ruins of Southshore [name]
RUSZATHAR_REACH_FLIGHT	one	2799	Rusza'thar Reach [capture]
RUTTHERAN_VILLAGE_FLIGHT	one	27	Rut'theran Village [name]
SAGEHAVEN_FLIGHT	one	2520	Sagehaven [capture]
SANCTUARY_OF_MALORNE_FLIGHT	one	781	Sanctuary of Malorne [name]
SANCTUARY_OF_THE_DEVOTED_FLIGHT	one	2119	Sanctuary of the Devoted [name]
SANCTUARY_OF_THE_MAD_FLIGHT	one	2511	Sanctuary of the Mad [name]
SANCTUM_OF_THE_STARS_FLIGHT	one	159	Sanctum of the Stars [name]
SCALETRADER_POST_FLIGHT	one	2126	Scaletrader Post [name]
SCHNOTTZS_LANDING_FLIGHT	one	674	Schnottz's Landing [name]
SCORCHED_SANDS_OUTPOST_FLIGHT	one	2143	Scorched Sands Outpost [name]
SEEKERS_OUTPOST_FLIGHT	one	2075	Seeker's Outpost [name]
SEEKERS_VISTA_FLIGHT	one	2089	Seekers Vista [name]
SENJIN_VILLAGE_FLIGHT	one	536	Sen'jin Village [name]
SENTINEL_BASECAMP_FLIGHT	one	991	Sentinel Basecamp [name]
SENTINEL_HILL_FLIGHT	one	4	Sentinel Hill [name]
SEPULCHER_OF_THE_FIRST_ONES_FLIGHT	one	2737	Sepulcher Of The First Ones [name]
SEPULCHER_OVERLOOK_FLIGHT	one	2736	Sepulcher Overlook [name]
SERPENTS_OVERLOOK_FLIGHT	one	1080	Serpent's Overlook [name]
SERPENTS_SPINE_FLIGHT_ALLIANCE	one	1073	Serpent's Spine [name]
SHACKLES_DEN_FLIGHT	one	1633	Shackle's Den [name]
SHADEBASIN_WATCH_FLIGHT	one	3129	Shadebasin Watch Flightmaster [name]
SHADEBOUGH_FLIGHT	one	31	Shadebough [name]
SHADOPAN_FALLBACK_FLIGHT	one	1024	Shado-Pan Fallback [name]
SHADOPAN_GARRISON_FLIGHT	one	1056	Shado-Pan Garrison [name]
SHADOWGUARD_INCURSION_FLIGHT	one	1981	Shadowguard Incursion [name]
SHADOWMOON_VILLAGE_FLIGHT	one	123	Shadowmoon Village [name]
SHADOWPREY_VILLAGE_FLIGHT	one	38	Shadowprey Village [name]
SHADOWVEIN_POINT_FLIGHT	one	2963	Shadowvein Point [name]
SHADY_SANCTUARY_FLIGHT	one	2796	Shady Sanctuary [capture]
SHALEWIND_CANYON_FLIGHT	one	596	Shalewind Canyon [name]
SHANAARI_REFUGE_FLIGHT	one	1648	Sha'naari Refuge [name]
SHATTERED_BEACHHEAD_FLIGHT	one	1538	Shattered Beachhead [name]
SHATTERED_FIELDS_FLIGHT	one	1967	Shattered Fields [name]
SHATTERED_LANDING_FLIGHT	one	1537	Shattered Landing [name]
SHATTERED_SUN_STAGING_AREA_FLIGHT	one	213	Shattered Sun Staging Area [name]
SHATTRATH_CITY_FLIGHT	one	1450	Shattrath City (Draenor) [name]
SHATTRATH_OUTLANDS_FLIGHT	one	128	Shattrath (Outland) [name]
SHIELDS_REST_FLIGHT	one	1855	Shield's Rest [name]
SHIFTING_SANDS_FLIGHT	one	2816	Shifting Sands [name]
SHIPWRECK_COVE_FLIGHT	one	1756	Shipwreck Cove [name]
SHRINE_OF_AVIANA_FLIGHT	one	557	Shrine of Aviana [name]
SHRINE_OF_SEVEN_STARS_FLIGHT	one	1057	Shrine of Seven Stars [name]
SHRINE_OF_THE_STORM_FLIGHT_ALLIANCE	one	2133	Shrine of the Storm [name]
SHRINE_OF_THE_STORM_FLIGHT_HORDE	one	2095	Shrine of the Storm [name]
SHRINE_OF_TWO_MOONS_FLIGHT	one	1058	Shrine of Two Moons [name]
SILVERGLADE_REFUGE_FLIGHT	one	3190	Silverglade Refuge Flightmaster [name]
SILVERMOON_CITY_FLIGHT	one	82	Silvermoon City Flightmaster [name]
SILVERMOON_CITY_FLIGHT	one	82	Flightmaster [id]
SILVERWIND_REFUGE_FLIGHT	one	356	Silverwind Refuge [name]
SILVER_TIDE_HOLLOW_FLIGHT	one	522	Silver Tide Hollow [name]
SINFALL_FLIGHT	one	2548	Sinfall [name]
SKYFIRE_TRIAGE_CAMP_FLIGHT	one	1747	Skyfire Triage Camp [name]
SKYHORN_FLIGHT	one	1753	Skyhorn [name]
SKYSEA_RIDGE_FLIGHT	one	1539	Skysea Ridge [name]
SKYTOP_OBSERVATORY_FLIGHT	one	2817	Skytop Observatory [capture]
SLABCHISELS_SURVEY_FLIGHT	one	554	Slabchisel's Survey [name]
SLAM_CENTRAL_STATION_FLIGHT	one	2997	Slam Central Station [name]
SMUGGLERS_SCAR_FLIGHT	one	521	Smuggler's Scar [name]
SOCRETHARS_RISE_FLIGHT	one	1475	Socrethar's Rise [name]
SOGGYS_GAMBLE_FLIGHT	one	1071	Soggy's Gamble [name]
SOUTHERN_ROCKETWAY_FLIGHT	one	613	Southern Rocketway [name]
SOUTHPOINT_GATE_FLIGHT	one	668	Southpoint Gate [name]
SOUTHPORT_FLIGHT	one	1493	Southport [name]
SPIDERS_WATCH_FLIGHT	one	2559	Spider's Watch [name]
SPINEBREAKER_RIDGE_FLIGHT	one	141	Spinebreaker Ridge [name]
SPLINTERTREE_POST_FLIGHT	one	61	Splintertree Post [name]
SRILA_VILLAGE_FLIGHT	one	969	Sri-La Village [name]
STARDUST_SPIRE_FLIGHT	one	351	Stardust Spire [name]
STARSONG_REFUGE_FLIGHT	one	1764	Starsong Refuge [name]
STARS_REST_FLIGHT	one	247	Stars' Rest [name]
STONARD_FLIGHT	one	56	Stonard [name]
STONEBREAKER_HOLD_FLIGHT	one	127	Stonebreaker Hold [name]
STONEFANG_OUTPOST_FLIGHT	one	1390	Stonefang Outpost [name]
STONEFIST_WATCH_FLIGHT	one	2279	Stonefist Watch [name]
STONEHOOF_WATCH_FLIGHT	one	1778	Stonehoof Watch [name]
STONEMAUL_HOLD_FLIGHT	one	569	Stonemaul Hold [name]
STONEPLOW_FLIGHT	one	989	Stoneplow [name]
STONETUSK_WATCH_FLIGHT	one	2091	Stonetusk Watch [name]
STORMFEATHER_OUTPOST_FLIGHT	one	618	Stormfeather Outpost [name]
STORMSHIELD_ALLIANCE_FLIGHT	one	1420	Stormshield Flightmaster [manual]
STORMTORN_FOOTHILLS_FLIGHT	one	1857	Stormtorn Foothills [name]
STORMWIND_FLIGHT	one	2	Flightmaster [id]
STRAHNBRAD_FLIGHT	one	670	Strahnbrad [name]
SUNREAVERS_COMMAND_FLIGHT	one	337	Sunreaver's Command [name]
SUN_ROCK_RETREAT_FLIGHT	one	29	Sun Rock Retreat [name]
SWAMPRAT_POST_FLIGHT	one	151	Swamprat Post [name]
SWIFTWIND_POST_FLIGHT	one	2274	Swiftwind Post [name]
SYLVANAAR_FLIGHT	one	125	Sylvanaar [name]
SYLVAN_FALLS_FLIGHT	one	1777	Sylvan Falls [name]
TALONBRANCH_GLADE_FLIGHT	one	65	Talonbranch Glade [name]
TALON_WATCH_FLIGHT	one	1509	Talon Watch [name]
TARREN_MILL_FLIGHT	one	13	Tarren Mill [name]
TAUNKALE_VILLAGE_FLIGHT	one	258	Taunka'le Village [name]
TAVERN_IN_THE_MISTS_FLIGHT	one	1029	Tavern in the Mists [name]
TEERAKAI_FLIGHT	one	2794	Teerakai [capture]
TELAARI_STATION_FLIGHT	one	1506	Telaari Station [name]
TELAAR_FLIGHT	one	119	Telaar [name]
TELREDOR_FLIGHT	one	117	Telredor [name]
TEMPLE_OF_AKUNDA_FLIGHT	one	2118	Temple of Akunda [name]
TEMPLE_OF_TELHAMAT_FLIGHT	one	101	Temple of Telhamat [name]
TEMPLE_OF_THE_WHITE_TIGER_FLIGHT	one	1018	Temple of the White Tiger [name]
TEMPORAL_CONFLUX_FLIGHT	one	2812	Temporal Conflux [name]
TENEBROUS_CAVERN_FLIGHT	one	526	Tenebrous Cavern [name]
TEROKKAR_REFUGE_FLIGHT	one	1462	Terokkar Refuge [name]
TERRACE_OF_THE_COLLECTORS_FLIGHT	one	2680	Terrace of the Collectors [capture]
TERRACE_OF_THE_SUN_FLIGHT	one	3125	Terrace of the Sun [name]
THALDARAH_OVERLOOK_FLIGHT	one	33	Thal'darah Overlook [name]
THARGADS_CAMP_FLIGHT	one	367	Thargad's Camp [name]
THEATER_OF_PAIN_FLIGHT	one	2564	Theater of Pain [name]
THELSAMAR_FLIGHT	one	8	Thelsamar [name]
THERAMORE_FLIGHT	one	32	Theramore [name]
THERONS_WATCH_FLIGHT	one	2788	Theron's Watch [name]
THE_AEGIS_WALL_FLIGHT	one	2950	The Aegis Wall [name]
THE_AMBER_WAVES_FLIGHT	one	2101	The Amber Waves [name]
THE_ARBORETUM_FLIGHT	one	967	The Arboretum [name]
THE_ARGENT_STAND_FLIGHT	one	304	The Argent Stand [name]
THE_ARGENT_VANGUARD_FLIGHT	one	334	The Argent Vanguard [name]
THE_BRINY_MUCK_FLIGHT	one	1090	The Briny Muck [name]
THE_BULWARK_FLIGHT	one	384	The Bulwark [name]
THE_BURROWS_FLIGHT	one	2893	The Burrows [name]
THE_CROSSROADS_FLIGHT	one	25	The Crossroads [name]
THE_DEN_FLIGHT	one	3193	The Den Flightmaster [name]
THE_DRAAKORIUM_FLIGHT	one	1467	The Draakorium [name]
THE_EXODAR_FLIGHT	one	94	Flightmaster [id]
THE_FORSAKEN_FRONT_FLIGHT	one	654	The Forsaken Front [name]
THE_GALLAGIO_FLIGHT	one	2999	The Gallagio [name]
THE_GREAT_SEAL_FLIGHT	one	1959	The Great Seal [name]
THE_GULLET_FLIGHT	one	657	The Gullet [name]
THE_HARBORAGE_FLIGHT	one	600	The Harborage [name]
THE_HEAPS_FLIGHT	one	2996	The Heaps [name]
THE_INCONTINENTAL_HOTEL_FLIGHT	one	2988	The Incontinental Hotel [name]
THE_INCURSION_FLIGHT	one	988	The Incursion [name]
THE_INGRESS_FLIGHT	one	3119	The Ingress Flightmaster [name]
THE_IRON_FRONT_FLIGHT_ALLIANCE	one	1645	The Iron Front [name]
THE_IRON_FRONT_FLIGHT_HORDE	one	1644	The Iron Front [name]
THE_KRAZZWORKS_FLIGHT	one	660	The Krazzworks [name]
THE_LIONS_REDOUBT_FLIGHT	one	1115	The Lion's Redoubt [name]
THE_MENDERS_STEAD_FLIGHT	one	651	The Menders' Stead [name]
THE_MORSHAN_RAMPARTS_FLIGHT	one	354	The Mor'Shan Ramparts [name]
THE_MUGAMBALA_FLIGHT	one	2381	The Mugambala [name]
THE_RING_OF_TRIALS_FLIGHT	one	1502	The Ring of Trials [name]
THE_SEPULCHER_FLIGHT	one	10	The Sepulcher [name]
THE_SHADOW_VAULT_FLIGHT	one	333	The Shadow Vault [name]
THE_SLIVER_FLIGHT	one	2061	The Sliver [name]
THE_SLUDGEWERKS_FLIGHT	one	540	The Sludgewerks [name]
THE_SPEARHEAD_FLIGHT	one	2558	The Spearhead [name]
THE_STORMSPIRE_FLIGHT	one	139	The Stormspire [name]
THE_SUNSET_BREWGARDEN_FLIGHT	one	1072	The Sunset Brewgarden [name]
THE_TIDAL_CONFLUX_FLIGHT_ALLIANCE	one	2483	The Tidal Conflux [name]
THE_TIDAL_CONFLUX_FLIGHT_HORDE	one	2482	The Tidal Conflux [name]
THE_VEILED_DEN_FLIGHT	one	1993	The Veiled Den [name]
THE_WITCHWOOD_FLIGHT	one	1754	The Witchwood [name]
THONDRORIL_RIVER_FLIGHT	one	383	Thondroril River [name]
THORIUM_POINT_FLIGHT_ALLIANCE	one	74	Thorium Point [name]
THORIUM_POINT_FLIGHT_HORDE	one	75	Thorium Point [name]
THRALLMAR_FLIGHT	one	99	Thrallmar [name]
THREEFALLS_LOOKOUT_FLIGHT	one	2789	Three-Falls Lookout [name]
THROMVAR_FLIGHT	one	1388	Throm'Var [name]
THRONE_OF_THE_ELEMENTS_FLIGHT	one	1503	Throne of the Elements [name]
THUNDERLORD_STRONGHOLD_FLIGHT	one	126	Thunderlord Stronghold [name]
THUNDERMAR_FLIGHT	one	665	Thundermar [name]
THUNDER_BLUFF_FLIGHT	one	22	Flightmaster [id]
THUNDER_CLEFT_FLIGHT	one	987	Thunder Cleft [name]
THUNDER_PASS_FLIGHT	one	1395	Thunder Pass [name]
THUNDER_TOTEM_FLIGHT	one	1719	Thunder Totem [name]
THUNKS_ABODE_FLIGHT	one	369	Thunk's Abode [name]
TIAN_MONASTERY_FLIGHT	one	971	Tian Monastery [name]
TIDECROSS_FLIGHT	one	2085	Tidecross [name]
TIMBERFELL_OUTPOST_FLIGHT	one	2067	Timberfell Outpost [name]
TIMBERSTEP_OUTPOST_FLIGHT	one	2790	Timberstep Outpost [name]
TIRNA_VAAL_FLIGHT	one	2585	Tirna Vaal [name]
TOKKAS_LANDING_FLIGHT	one	3168	Tokka's Landing [name]
TOL_DAGOR_FLIGHT_ALLIANCE	one	2096	Tol Dagor Flightmaster [name]
TOL_DAGOR_FLIGHT_HORDE	one	2276	Tol Dagor Flightmaster [name]
TORNTUSK_OVERLOOK_FLIGHT	one	3126	Torntusk Overlook Flightmaster [name]
TORTAKA_REFUGE_FLIGHT	one	2120	Tortaka Refuge [name]
TOSHLEYS_STATION_FLIGHT	one	156	Toshley's Station Flightmaster [name]
TOWER_OF_ESTULAN_FLIGHT	one	567	Tower of Estulan [name]
TRADEWINDS_MARKET_FLIGHT	one	2083	Tradewinds Market [capture]
TRANQUILLIEN_FLIGHT	one	3134	Tranquillien Flightmaster [capture]
TRANQUIL_COURT_FLIGHT	one	1556	Tranquil Court [name]
TRANQUIL_STRAND_FLIGHT	one	2970	Tranquil Strand [name]
TRANQUIL_WASH_FLIGHT	one	523	Tranquil Wash [name]
TRANSITUS_SHIELD_FLIGHT	one	226	Transitus Shield [capture]
TRIUMVIRATES_END_FLIGHT	one	1982	Triumvirate's End [name]
TUSHUI_LANDING_FLIGHT	one	1293	Tushui Landing [name]
TUSK_ISLE_FLIGHT	one	2165	Tusk Isle [name]
TWILIGHT_GLADE_FLIGHT	one	1382	Twilight Glade [name]
UKTULUT_BACKWATER_FLIGHT	one	2804	Uktulut Backwater [name]
UKTULUT_OUTPOST_FLIGHT	one	2800	Uktulut Outpost [name]
UKTULUT_PIER_FLIGHT	one	2803	Uktulut Pier [name]
ULDUAR_FLIGHT	one	326	Ulduar [name]
UNUPE_FLIGHT	one	296	Unu'pe [name]
UTAMAS_STAND_FLIGHT	one	2407	Utama's Stand [name]
VALDISDALL_FLIGHT	one	1742	Valdisdall [name]
VALDRAKKEN_FLIGHT	one	2810	Flightmaster [id]
VALGARDE_PORT_FLIGHT	one	183	Valgarde Port [name]
VALIANCE_KEEP_FLIGHT	one	245	Valiance Keep [name]
VALIANCE_LANDING_CAMP_FLIGHT	one	303	Valiance Landing Camp [name]
VALORMOK_FLIGHT	one	683	Valormok [name]
VAULT_OF_THE_EARTH_FLIGHT	one	1646	Vault of the Earth [name]
VAULT_OF_THE_INCARNATES_FLIGHT	one	2818	Vault of the Incarnates [name]
VEILED_GROTTO_FLIGHT	one	2157	Veiled Grotto [name]
VEILED_OSSUARY_FLIGHT	one	2814	Veiled Ossuary [name]
VEIL_TEROKK_FLIGHT	one	1508	Veil Terokk [name]
VENARIS_REFUGE_FLIGHT	one	2700	Ve'nari's Refuge [name]
VENDETTA_POINT_FLIGHT	one	77	Vendetta Point [name]
VENGEANCE_LANDING_FLIGHT	one	191	Vengeance Landing [name]
VENGEANCE_POINT_FLIGHT	one	1856	Vengeance Point [name]
VENOMSPITE_FLIGHT	one	254	Venomspite [name]
VERDANT_HOLLOW_FLIGHT	one	2145	Verdant Hollow [name]
VERDANT_LANDING_FLIGHT	one	2903	Verdant Landing [name]
VERMILLION_REDOUBT_FLIGHT	one	658	Vermillion Redoubt [name]
VICTORS_POINT_FLIGHT	one	663	Victor's Point [name]
VIGIL_HILL_FLIGHT	one	2042	Vigil Hill [name]
VINDICAAR_ANTORAN_WASTES_FLIGHT	one	1994	The Vindicaar (Antoran Wastes) [manual]
VINDICAAR_EREDATH_FLIGHT	one	1977	The Vindicaar (Eredath) [manual]
VINDICAAR_KROKUUN_FLIGHT	one	1944	The Vindicaar (Krokuun) [manual]
VOLJINS_PRIDE_FLIGHT	one	1443	Vol'jin's Pride [name]
VOLMAR_FLIGHT	one	1621	Vol'mar [name]
VORRIKS_SANCTUM_FLIGHT	one	2111	Vorrik's Sanctum [name]
VULPERA_HIDEAWAY_FLIGHT	one	2117	Vulpera Hideaway [name]
VULTURES_NEST_FLIGHT	one	2112	Vulture's Nest [name]
WANECRYPT_HILL_FLIGHT	one	2518	Wanecrypt Hill [name]
WANING_GLACIER_FLIGHT	one	2273	Waning Glacier [name]
WARBEAST_KRAAL_FLIGHT	one	1966	Warbeast Kraal [name]
WARDENS_REDOUBT_FLIGHT	one	1837	Wardens' Redoubt [name]
WARFANG_HOLD_FLIGHT	one	2094	Warfang Hold [name]
WARPORT_RASTARI_FLIGHT	one	2009	Warport Rastari [name]
WARSONG_CAMP_FLIGHT	one	332	Warsong Camp [name]
WARSONG_HOLD_FLIGHT	one	257	Warsong Hold [name]
WARSPEAR_ASHRAN_FLIGHT	one	1408	Warspear Flightmaster [name]
WATCHERS_AERIE_FLIGHT	one	1860	Watchers' Aerie [name]
WATCHMANS_RISE_FLIGHT	one	2107	Watchman's Rise [name]
WEAVERS_LAIR_FLIGHT	one	2882	Weaver's Lair [name]
WELLSPRING_OVERLOOK_FLIGHT	one	2905	Wellspring Overlook [name]
WESTFALL_BRIGADE_FLIGHT	one	255	Westfall Brigade [capture]
WESTGUARD_KEEP_FLIGHT	one	185	Westguard Keep [name]
WESTREACH_SUMMIT_FLIGHT	one	30	Westreach Summit [name]
WESTWIND_REST_FLIGHT	one	1020	Westwind Rest [name]
WHELGARS_RETREAT_FLIGHT	one	551	Whelgar's Retreat [name]
WHISPERWIND_GROVE_FLIGHT	one	594	Whisperwind Grove [name]
WHITEGROVE_CHAPEL_FLIGHT	one	2109	Whitegrove Chapel [name]
WILDCAMP_ORLAY_FLIGHT	one	2889	Wildcamp Or'lay [name]
WILDCAMP_ULAR_FLIGHT	one	2919	Wildcamp Ul'ar [name]
WILDHAMMER_STRONGHOLD_FLIGHT	one	124	Wildhammer Stronghold [name]
WILDHEART_POINT_FLIGHT	one	595	Wildheart Point [name]
WILDWOOD_WASH_FLIGHT	one	1518	Wildwood Wash [name]
WINDFALL_CAVERN_FLIGHT	one	2139	Windfall Cavern [name]
WINDRUNNERS_OVERLOOK_FLIGHT	one	336	Windrunner's Overlook [name]
WINDSHEAR_HOLD_FLIGHT	one	361	Windshear Hold [name]
WINGREST_EMBASSY_FLIGHT	one	2805	Wingrest Embassy [name]
WINTERGARDE_KEEP_FLIGHT	one	244	Wintergarde Keep [name]
WINTERS_BLOSSOM_FLIGHT	one	1025	Winter's Blossom [name]
WITHERBARK_BLUFFS_FLIGHT	one	3130	Witherbark Bluffs Flightmaster [name]
WOLFS_DEN_FLIGHT	one	2062	Wolf's Den [name]
WOLFS_STAND_FLIGHT	one	1559	Wolf's Stand [name]
WORGOL_FLIGHT	one	1386	Wor'gol [name]
WORVAR_FLIGHT	one	1504	Wor'var [name]
WRECK_OF_THE_HUNGRY_RIVERBEAST_FLIGHT	one	2412	Wreck of the Hungry Riverbeast [name]
WRECK_OF_THE_OLD_BLANCHY_FLIGHT	one	2409	Wreck of the Old Blanchy [name]
WYRMREST_TEMPLE_FLIGHT	one	252	Wyrmrest Temple [name]
XIBALA_FLIGHT_ALLIANCE	one	2012	Xibala [name]
XIBALA_FLIGHT_HORDE	one	1974	Xibala [name]
YRELS_WATCH_FLIGHT	one	1507	Yrel's Watch [name]
ZABRAJIN_FLIGHT	one	118	Zabra'jin [name]
ZANGARRA_FLIGHT	one	1440	Zangarra [name]
ZEBAHARI_FLIGHT	one	1975	Zeb'ahari [name]
ZHUS_WATCH_FLIGHT	one	986	Zhu's Watch [name]
ZIMTORGA_FLIGHT	one	307	Zim'Torga [capture]
ZINAZSHARI_FLIGHT	one	2405	Zin'Azshari [name]
ZOBAL_RUINS_FLIGHT	one	1954	Zo'bal Ruins [name]
ZORAMGAR_OUTPOST_FLIGHT	one	58	Zoram'gar Outpost [name]
ZOUCHIN_VILLAGE_FLIGHT	one	1021	Zouchin Village [name]
ZOVAALS_GRASP_FLIGHT	one	2733	Zovaal's Grasp [name]
ZULAMAN_FLIGHT	one	205	Zul'Aman [name]
ZULJAN_FLIGHT	one	1953	Zul'jan [name]
ATALGRAL_FLIGHT	many	2066,2076	Atal'Gral [name]
DALARAN_BROKEN_ISLES_FLIGHT	many	310,1774,1849	Dalaran (Broken Isles) Flightmaster [name]
EASTERN_AMANI_OUTPOST_FLIGHT	skip		Vaults of Atal'Utek's own flight network, not the real taxi system
ELYSIAN_HOLD_FLIGHT	many	2528,2625	Elysian Hold [name]
FAIRBREEZE_VILLAGE_FLIGHT	many	625,3133	Fairbreeze Village [name]
NORTHERN_AMANI_BULWARK_FLIGHT	skip		Vaults of Atal'Utek's own flight network, not the real taxi system
OVERLOOK_ZO_SHUUL_FLIGHT	many	3034,3157	Overlook Zo'Shuul [name]
SANDY_BEACH_FLIGHT_ALLIANCE	many	606,607	Sandy Beach [name]
SANDY_BEACH_FLIGHT_HORDE	many	608,609	Sandy Beach [name]
SERPENTS_SPINE_FLIGHT_HORDE	many	1073,1117	Serpent's Spine [name]
SHADOW_POINT_FLIGHT	many	3033,3155	Shadow Point [name]
SHANDORAH_FLIGHT	many	3032,3147	Shan'dorah [name]
SHATTER_POINT_FLIGHT	many	148,149	Shatter Point [name]
STYGIAN_BOUNTY_FLIGHT	many	610,612	Stygian Bounty [name]
TAZAVESH_FLIGHT	many	2703,3029,3145	Tazavesh Flightmaster [name]
THE_OASIS_FLIGHT	many	3031,3146	The Oasis [name]
THE_UNDERBELLY_FLIGHT	skip		Vaults of Atal'Utek's own flight network, not the real taxi system
THE_VENOMOUS_ABYSS_FLIGHT	skip		Vaults of Atal'Utek's own flight network, not the real taxi system
TRANQUILLIEN_BC_FLIGHT	many	83,3134	Tranquillien [name]
VOLDRINS_HOLD_FLIGHT	many	605,611	Voldrin's Hold [name]
