# GENERATED by tools/gen_modern_nodes.py (tools/modern_ids.py): source id, Modern id, journal, faction.
DEEPHOLM_STORMWIND_PORTAL	PORTAL_DEEPHOLM_STORMWIND		
THE_STONECORE_DUNGEON	INSTANCE_THE_STONECORE	67	
THERAZANES_THRONE_PORTAL	PORTAL_THERAZANES_THRONE		
TEMPLE_OF_EARTH_PORTAL	PORTAL_TEMPLE_OF_EARTH		
DEEPHOLM_ORGRIMMAR_PORTAL	PORTAL_DEEPHOLM_ORGRIMMAR		
EVERSONG_HARANDAR_PORTAL	PORTAL_EVERSONG_HARANDAR		
IRONFORGE_FLIGHT	TAXI_6		
FORT_LIVINGSTON_FLIGHT	TAXI_590		
ZULGURUB_DUNGEON	INSTANCE_ZULGURUB	76	
SILVERMOON_STORMWIND_PORTAL	PORTAL_SILVERMOON_STORMWIND		
STORMWIND_MAGE_TOWER_ENTRANCE	STORMWIND_MAGE_TOWER_ENTRANCE		
DRAGONS_MOUTH_FLIGHT	TAXI_634		
SHADOWFANG_KEEP_DUNGEON	INSTANCE_SHADOWFANG_KEEP	64	
LIGHTS_SHIELD_TOWER_FLIGHT	TAXI_630		
DUSTWIND_DIG_FLIGHT	TAXI_633		
SOUTHPOINT_GATE_FLIGHT	TAXI_668		
DARKMOON_FAIRE_ENTRANCE_ELWYNN	DARKMOON_FAIRE_ENTRANCE_ELWYNN		
FORSAKEN_REAR_GUARD_FLIGHT	TAXI_681		
FORSAKEN_FORWARD_COMMAND_FLIGHT	TAXI_646		
AMANIZAR_FLIGHT	TAXI_3127		
IRON_SUMMIT_FLIGHT	TAXI_673		
PLAGUEWOOD_TOWER_FLIGHT	TAXI_84		
BOOTY_BAY_DOCK	DOCK_BOOTY_BAY		
THE_SEPULCHER_FLIGHT	TAXI_10		
CRUSHBLOW_FLIGHT	TAXI_656		
CHILLWIND_CAMP_FLIGHT	TAXI_66		
BOOTY_BAY_FLIGHT_ALLIANCE	TAXI_19		
SILVERMOON_HARANDAR_PORTAL	PORTAL_SILVERMOON_HARANDAR		
DRAGONMAW_PORT	DRAGONMAW_PORT		
STORMWIND_HARBOR	STORMWIND_HARBOR		
BLOODGULCH_FLIGHT	TAXI_659		
DRAGONMAW_PORT_FLIGHT	TAXI_661		
BLACKWING_LAIR_RAID	INSTANCE_BLACKWING_LAIR	742	
STORMWIND_STORMSHIELD_PORTAL	PORTAL_STORMWIND_STORMSHIELD		
BLACKROCK_MOUNTAIN_MOLE	BLACKROCK_MOUNTAIN_MOLE		
STORMWIND_DORNOGAL_PORTAL	PORTAL_STORMWIND_DORNOGAL		
TIRISFAL_ZIDORMI_PRESENT	TIRISFAL_ZIDORMI_PRESENT		
TIRISFAL_ZIDORMI_PAST	TIRISFAL_ZIDORMI_PAST		
STRATHOLME_DUNGEON	STRATHOLME_DUNGEON		
BLACKWING_DESCENT_RAID	INSTANCE_BLACKWING_DESCENT	73	
BLASTED_LANDS_ZIDORMI_PAST	BLASTED_LANDS_ZIDORMI_PAST		
AERIE_PEAK_FLIGHT	TAXI_43		
MENETHIL_HARBOR_FLIGHT	TAXI_7		
THE_VENOMOUS_ABYSS_RAID	INSTANCE_THE_VENOMOUS_ABYSS	1320	
SCHOLOMANCE_DUNGEON	INSTANCE_SCHOLOMANCE	246	
ANDORHAL_FLIGHT_HORDE	TAXI_649		
STORMWIND_BELAMETH_PORTAL	PORTAL_STORMWIND_BELAMETH		
MARCH_ON_QUELDANAS_RAID	INSTANCE_MARCH_ON_QUELDANAS	1308	
ATALAMAN_FLIGHT	TAXI_3128		
BADLANDS	BADLANDS		
STORMWIND_BORALUS_PORTAL	PORTAL_STORMWIND_BORALUS		
STORMWIND_DALARAN_NORTHREND_PORTAL	PORTAL_STORMWIND_DALARAN_NORTHREND		
STORMWIND_VALDRAKKEN_PORTAL	PORTAL_STORMWIND_VALDRAKKEN		
THE_MENDERS_STEAD_FLIGHT	TAXI_651		
SHATTERED_BEACHHEAD_FLIGHT	TAXI_1538		
NORTHERN_AMANI_BULWARK_FLIGHT	FLIGHT_NORTHERN_AMANI_BULWARK		
TOKKAS_LANDING_FLIGHT	TAXI_3168		
ANDORHAL_FLIGHT_ALLIANCE	TAXI_650		
GILNEAS	GILNEAS		
BLASTED_LANDS_ZIDORMI_PRESENT	BLASTED_LANDS_ZIDORMI_PRESENT		
MOLTEN_CORE_RAID	INSTANCE_MOLTEN_CORE	741	
GOLBOLAR_QUARRY_FLIGHT	TAXI_620		
SW_EMBASSY	SW_EMBASSY		
THE_UNDERBELLY_FLIGHT	FLIGHT_THE_UNDERBELLY		
FLAME_CREST_FLIGHT	TAXI_70		
ALTAR_OF_FANGS_DUNGEON	INSTANCE_ALTAR_OF_FANGS	1322	
MAGISTERS_TERRACE_DUNGEON	INSTANCE_MAGISTERS_TERRACE	1300	
EASTVALE_LOGGING_CAMP_FLIGHT	TAXI_589		
MAISARA_CAVERNS_DUNGEON	INSTANCE_MAISARA_CAVERNS	1315	
HINTERLANDS_DRUID	HINTERLANDS_DRUID		
DUSKWOOD_DRUID	DUSKWOOD_DRUID		
STORMWIND_ORIBOS_PORTAL	PORTAL_STORMWIND_ORIBOS		
VICTORS_POINT_FLIGHT	TAXI_663		
SILVERMOON_VOIDSTORM_PORTAL	PORTAL_SILVERMOON_VOIDSTORM		
SENTINEL_HILL_FLIGHT	TAXI_4		
STORMWIND_CAVERNS_OF_TIME_PORTAL	PORTAL_STORMWIND_CAVERNS_OF_TIME		
MORGANS_VIGIL_FLIGHT	TAXI_71		
WINDRUNNER_SPIRE_DUNGEON	INSTANCE_WINDRUNNER_SPIRE	1299	
THRONE_OF_THE_TIDES_DUNGEON	INSTANCE_THRONE_OF_THE_TIDES	65	
STORMWIND_AZSUNA_PORTAL	PORTAL_STORMWIND_AZSUNA		
THELSAMAR_FLIGHT	TAXI_8		
BOOTY_BAY_FLIGHT_HORDE	TAXI_18		
GOLDSHIRE_FLIGHT	TAXI_582		
MURDER_ROW_DUNGEON	INSTANCE_MURDER_ROW	1304	
TENEBROUS_CAVERN_FLIGHT	TAXI_526		
RETURN_TO_KARAZHAN_DUNGEON	INSTANCE_RETURN_TO_KARAZHAN	860	
ULDAMAN_LEGACY_OF_TYR_DUNGEON	INSTANCE_ULDAMAN_LEGACY_OF_TYR	1197	
STONARD	STONARD		
THE_HARBORAGE_FLIGHT	TAXI_600		
ULDAMAN_DUNGEON	INSTANCE_ULDAMAN	239	
SUNKEN_TEMPLE_DUNGEON	SUNKEN_TEMPLE_DUNGEON		
MOONBROOK_FLIGHT	TAXI_583		
AERIE_PEAK_MOLE	AERIE_PEAK_MOLE		
LIGHTS_HOPE_CHAPEL	LIGHTS_HOPE_CHAPEL		
SLABCHISELS_SURVEY_FLIGHT	TAXI_554		
SCARLET_HALLS_DUNGEON	INSTANCE_SCARLET_HALLS	311	
SCARLET_MONASTERY_DUNGEON	INSTANCE_SCARLET_MONASTERY	316	
BLACKROCK_CAVERNS_DUNGEON	INSTANCE_BLACKROCK_CAVERNS	66	
COILED_ISLE_SILVERMOON_PORTAL	PORTAL_COILED_ISLE_SILVERMOON		
UPPER_BLACKROCK_SPIRE_DUNGEON	INSTANCE_UPPER_BLACKROCK_SPIRE	559	
STORMWIND_FLIGHT	TAXI_2		
LOWER_BLACKROCK_SPIRE_DUNGEON	INSTANCE_LOWER_BLACKROCK_SPIRE	229	
BLACKROCK_DEPTHS_DUNGEON	INSTANCE_BLACKROCK_DEPTHS	228	
LAKESHIRE_FLIGHT	TAXI_5		
HEARTHGLEN_FLIGHT	TAXI_672		
KHARANOS_FLIGHT	TAXI_619		
WITHERBARK_BLUFFS_FLIGHT	TAXI_3130		
TARREN_MILL_FLIGHT	TAXI_13		
THE_STOCKADE_DUNGEON	INSTANCE_THE_STOCKADE	238	
GNOMEREGAN_DUNGEON	INSTANCE_GNOMEREGAN	231	
AMANI_FOOTHOLD_FLIGHT	TAXI_3288		
STYGIAN_BOUNTY_FLIGHT	TAXI_610		
EASTERN_AMANI_OUTPOST_FLIGHT	FLIGHT_EASTERN_AMANI_OUTPOST		
STORMWIND_PORTAL_ROOM_LOWER	STORMWIND_PORTAL_ROOM_LOWER		
HARDWRENCH_HIDEAWAY_FLIGHT	TAXI_592		
SW_TRAM	TRAM_SW		
BASTION_OF_TWILIGHT_RAID	INSTANCE_BASTION_OF_TWILIGHT	72	
AMANI_FOOTHOLD_FLIGHT_2	AMANI_FOOTHOLD_FLIGHT_2		
KARAZHAN_RAID	INSTANCE_KARAZHAN	745	
EASTERN_EARTHSHRINE_SW	EASTERN_EARTHSHRINE_SW		
CAMP_STONEWASH_FLIGHT	TAXI_3106		
SHADEBASIN_WATCH_FLIGHT	TAXI_3129		
THORIUM_POINT_FLIGHT_HORDE	TAXI_75		
STORMWIND_SILVERMOON_PORTAL	PORTAL_STORMWIND_SILVERMOON		
DEADMINES_DUNGEON	INSTANCE_DEADMINES	63	
FURLBROWS_PUMPKIN_FARM_FLIGHT	TAXI_584		
KIRTHAVEN_FLIGHT	TAXI_666		
TORNTUSK_OVERLOOK_FLIGHT	TAXI_3126		
STORMWIND_FOUNDERS_POINT_PORTAL	PORTAL_STORMWIND_FOUNDERS_POINT		
THUNDERMAR_FLIGHT	TAXI_665		
BLOODWATCHER_POINT_FLIGHT	TAXI_632		
GILNEAS_DOCK	DOCK_GILNEAS		
TRANQUILLIEN_FLIGHT	TAXI_3134		
THE_KRAZZWORKS_FLIGHT	TAXI_660		
SILVERMOON_PORTAL_ROOM	SILVERMOON_PORTAL_ROOM		
CAMP_EVERSTILL_FLIGHT	TAXI_615		
MAGISTERS_SILVERMOON_PORTAL	PORTAL_MAGISTERS_SILVERMOON		
RUINS_OF_SOUTHSHORE_FLIGHT	TAXI_667		
SILVERMOON_ORGRIMMAR_PORTAL	PORTAL_SILVERMOON_ORGRIMMAR		
SILVERMOON_MAGISTERS_PORTAL	PORTAL_SILVERMOON_MAGISTERS		
SILVERMOON_ARCANTINA_PORTAL	PORTAL_SILVERMOON_ARCANTINA		
SILVERMOON_INN	SILVERMOON_INN		
LEGIONS_REST_FLIGHT	TAXI_525		
DARKBREAK_COVE_PORTAL	PORTAL_DARKBREAK_COVE		
SILVERMOON_CITY_FLIGHT	TAXI_82		
BLACKROCK_QUARRY_EXTERIOR	BLACKROCK_QUARRY_EXTERIOR		
HAMMERFALL_FLIGHT	TAXI_17		
GRIM_BATOL_DUNGEON	INSTANCE_GRIM_BATOL	71	
DARKBREAK_COVE_FLIGHT	TAXI_524		
FLAMESTAR_POST_FLIGHT	TAXI_675		
DEN_OF_NALORAKK_DUNGEON	INSTANCE_DEN_OF_NALORAKK	1311	
THE_VENOMOUS_ABYSS_FLIGHT	FLIGHT_THE_VENOMOUS_ABYSS		
DARKSHIRE_FLIGHT	TAXI_12		
SILVER_TIDE_HOLLOW_FLIGHT	TAXI_522		
STORMWIND_PAWDON_VILLAGE_PORTAL	PORTAL_STORMWIND_PAWDON_VILLAGE		
SANDY_BEACH_FLIGHT_HORDE	TAXI_608		
SANDY_BEACH_FLIGHT_ALLIANCE	TAXI_606		
REVANTUSK_VILLAGE_FLIGHT	TAXI_76		
TRANQUIL_WASH_FLIGHT	TAXI_523		
TENEBROUS_CAVERN_PORTAL	PORTAL_TENEBROUS_CAVERN		
WHELGARS_RETREAT_FLIGHT	TAXI_551		
SMUGGLERS_SCAR_FLIGHT	TAXI_521		
HIRIWATHA_RESEARCH_STATION_FLIGHT	TAXI_617		
STONARD_FLIGHT	TAXI_56		
NEW_KARGATH_FLIGHT	TAXI_21		
BAMBALA_FLIGHT	TAXI_593		
GREENWARDENS_GROVE_FLIGHT	TAXI_552		
LIGHTS_HOPE_CHAPEL_FLIGHT_ALLIANCE	TAXI_67		
STORMWIND_CITY_MOLE	STORMWIND_CITY_MOLE		
STORMWIND_SHATTRATH_OUTLANDS_PORTAL	PORTAL_STORMWIND_SHATTRATH_OUTLANDS		
SILVERMOON_COILED_ISLE_PORTAL	PORTAL_SILVERMOON_COILED_ISLE		
DUN_MODR_FLIGHT	TAXI_553		
FIREBEARDS_PATROL_FLIGHT	TAXI_664		
EASTWALL_TOWER_FLIGHT	TAXI_86		
STRAHNBRAD_FLIGHT	TAXI_670		
STORMWIND_EXODAR_PORTAL	PORTAL_STORMWIND_EXODAR		
FORSAKEN_HIGH_COMMAND_FLIGHT	TAXI_645		
STORMWIND_DARNASSUS_PORTAL	PORTAL_STORMWIND_DARNASSUS		
THORIUM_POINT_FLIGHT_ALLIANCE	TAXI_74		
SANCTUM_OF_LIGHT	SANCTUM_OF_LIGHT		
SILVERGLADE_REFUGE_FLIGHT	TAXI_3190		
DARK_PORTAL_BL	DARK_PORTAL_BL		
THE_FORSAKEN_FRONT_FLIGHT	TAXI_654		
STORMFEATHER_OUTPOST_FLIGHT	TAXI_618		
MENETHIL_HARBOR_DOCK	DOCK_MENETHIL_HARBOR		
DALARAN_CRATER	DALARAN_CRATER		
SHALEWIND_CANYON_FLIGHT	TAXI_596		
REBEL_CAMP_FLIGHT	TAXI_195		
UNDERCITY	UNDERCITY		
RAVEN_HILL_FLIGHT	TAXI_622		
STORMWIND_DARK_PORTAL_BL_NPC	STORMWIND_DARK_PORTAL_BL_NPC		
IRONFORGE_ENTRANCE	IRONFORGE_ENTRANCE		
CHISELGRIP_FLIGHT	TAXI_676		
VOLDRINS_HOLD_FLIGHT	TAXI_605		
VERMILLION_REDOUBT_FLIGHT	TAXI_658		
MARSHTIDE_WATCH_FLIGHT	TAXI_598		
STORMWIND_PORTAL_ROOM_UPPER	STORMWIND_PORTAL_ROOM_UPPER		
FAIRBREEZE_VILLAGE_FLIGHT	TAXI_625		
IRONFORGE	IRONFORGE		
CROWN_GUARD_TOWER_FLIGHT	TAXI_87		
HIGHBANK_FLIGHT	TAXI_662		
LIGHTS_HOPE_CHAPEL_FLIGHT_HORDE	TAXI_68		
GROMGOL_FLIGHT	TAXI_20		
IF_TRAM	TRAM_IF		
THONDRORIL_RIVER_FLIGHT	TAXI_383		
GROMGOL_ZEPPELIN	ZEPPELIN_GROMGOL		
FARSTRIDER_LODGE_FLIGHT	TAXI_555		
EXPLORERS_LEAGUE_DIGSITE_FLIGHT	TAXI_591		
FUSELIGHT_FLIGHT	TAXI_635		
EASTPOINT_TOWER_FLIGHT	TAXI_669		
NETHERGARDE_KEEP_MOLE	NETHERGARDE_KEEP_MOLE		
SHATTERED_LANDING_FLIGHT	TAXI_1537		
REFUGE_POINTE_FLIGHT	TAXI_16		
KARAZHAN	KARAZHAN		
BOGPADDLE_FLIGHT	TAXI_599		
THE_BULWARK_FLIGHT	TAXI_384		
HIGHBANK	HIGHBANK		
IRONFORGE_MOLE	IRONFORGE_MOLE		
NORTHPASS_TOWER_FLIGHT	TAXI_85		
THE_GULLET_FLIGHT	TAXI_657		
TERRACE_OF_THE_SUN_FLIGHT	TAXI_3125		
TOL_BARAD_ALLIANCE	TOL_BARAD_ALLIANCE		
TOL_BARAD_HORDE	TOL_BARAD_HORDE		
BARADIN_HOLD	INSTANCE_BARADIN_HOLD	75	
FOUNDERS_POINT	FOUNDERS_POINT		
LYCANEUM_ENTRANCE	LYCANEUM_ENTRANCE		
INSTANCE_236	INSTANCE_STRATHOLME_MAIN_GATE	236	
INSTANCE_1292	INSTANCE_STRATHOLME_SERVICE_ENTRANCE	1292	
INSTANCE_237	INSTANCE_THE_TEMPLE_OF_ATALHAKKAR	237	
INSTANCE_1317	INSTANCE_THE_TIDEBOUND_GROTTO	1317	
BIZMOS_BRAWLPUB	BIZMOS_BRAWLPUB		
BIZMOS_TO_TRAM	TRAM_BIZMOS_TO		
TRAM_TO_BIZMOS	TRAM_TO_BIZMOS		
DEEPRUN_TRAM_TO_STORMWIND	DEEPRUN_TRAM_TO_STORMWIND		
STORMWIND_TO_DEEPRUN_TRAM	TRAM_STORMWIND_TO_DEEPRUN		
SILVERMOON_PORTAL_ROOM_ENTRANCE	SILVERMOON_PORTAL_ROOM_ENTRANCE		
SILVERMOON_PORTAL_ROOM_EXIT	SILVERMOON_PORTAL_ROOM_EXIT		
THE_EXODAR_FLIGHT	TAXI_94		
AZUREMYST_ISLE_DOCK	DOCK_AZUREMYST_ISLE		
AZURE_WATCH_FLIGHT	TAXI_624		
EXODAR	EXODAR		
BLOOD_WATCH_FLIGHT	TAXI_93		
DARNASSUS	DARNASSUS		
RUTTHERAN_EXODAR_PORTAL	PORTAL_RUTTHERAN_EXODAR		
RUTTHERAN_VILLAGE_FLIGHT	TAXI_27		
DOLANAAR_FLIGHT	TAXI_456		
RUTTHERAN_STORMWIND_PORTAL	PORTAL_RUTTHERAN_STORMWIND		
DARNASSUS_FLIGHT	TAXI_457		
RAZORWIND_PORTAL_TO_FORBIDDEN_REACH	RAZORWIND_PORTAL_TO_FORBIDDEN_REACH		
RAZORWIND_SHORES	RAZORWIND_SHORES		
RAGEFIRE_CHASM_DUNGEON	INSTANCE_RAGEFIRE_CHASM	226	
DIRE_MAUL_DUNGEON	DIRE_MAUL_DUNGEON		
MARSHALS_STAND_FLIGHT	TAXI_79		
MOUNT_HYJAL	MOUNT_HYJAL		
SOUTHERN_ROCKETWAY_FLIGHT	TAXI_613		
THERAMORE_FLIGHT	TAXI_32		
BOOTLEGGER_OUTPOST_FLIGHT	TAXI_539		
CAVERNS_OF_TIME	CAVERNS_OF_TIME		
RATCHET_DOCK	DOCK_RATCHET		
ORGRIMMAR_FLIGHT	TAXI_23		
TALONBRANCH_GLADE_FLIGHT	TAXI_65		
FORT_TRIUMPH_FLIGHT	TAXI_389		
FIRELANDS_RAID	INSTANCE_FIRELANDS	78	
DARKSHORE_ZIDORMI_PRESENT	DARKSHORE_ZIDORMI_PRESENT		
SPLINTERTREE_POST_FLIGHT	TAXI_61		
ORGRIMMAR_HONEYDEW_VILLAGE_PORTAL	PORTAL_ORGRIMMAR_HONEYDEW_VILLAGE		
NOZZLEPOTS_OUTPOST_FLIGHT	TAXI_458		
DARKMOON_FAIRE_ENTRANCE_MULGORE	DARKMOON_FAIRE_ENTRANCE_MULGORE		
THE_SLUDGEWERKS_FLIGHT	TAXI_540		
THE_CULLING_OF_STRATHOLME_DUNGEON	INSTANCE_THE_CULLING_OF_STRATHOLME	279	
MOUNT_HYJAL_DRUID	MOUNT_HYJAL_DRUID		
THE_VORTEX_PINNACLE_DUNGEON	INSTANCE_THE_VORTEX_PINNACLE	68	
FURIENS_POST_FLIGHT	TAXI_366		
ORGRIMMAR_PORTAL_ROOM_ENTRANCE	ORGRIMMAR_PORTAL_ROOM_ENTRANCE		
MOONGLADE	MOONGLADE		
ORGRIMMAR_WARSPEAR_PORTAL	PORTAL_ORGRIMMAR_WARSPEAR		
WINDSHEAR_HOLD_FLIGHT	TAXI_361		
ORGRIMMAR_DORNOGAL_PORTAL	PORTAL_ORGRIMMAR_DORNOGAL		
BILGEWATER_HARBOR_FLIGHT	TAXI_44		
FERALAS	FERALAS		
MIRKFALLON_POST_FLIGHT	TAXI_541		
ORGRIMMAR_BC_SILVERMOON_PORTAL	PORTAL_ORGRIMMAR_BC_SILVERMOON		
ORGRIMMAR_PORTAL_ROOM_UPPER	ORGRIMMAR_PORTAL_ROOM_UPPER		
EMERALD_SANCTUARY_FLIGHT	TAXI_166		
WHISPERWIND_GROVE_FLIGHT	TAXI_594		
NORTHERN_ROCKETWAY_FLIGHT	TAXI_614		
GADGETZAN_TRANSPORTER	GADGETZAN_TRANSPORTER		
ORGRIMMAR_ORIBOS_PORTAL	PORTAL_ORGRIMMAR_ORIBOS		
EVERLOOK_FLIGHT_HORDE	TAXI_53		
ORGRIMMAR_DARK_PORTAL_BL_NPC	ORGRIMMAR_DARK_PORTAL_BL_NPC		
ORGRIMMAR_UNDERCITY_PORTAL	PORTAL_ORGRIMMAR_UNDERCITY		
ORGRIMMAR_NIGHTHOLD_PORTAL	PORTAL_ORGRIMMAR_NIGHTHOLD		
THRONE_OF_FLAME_MOLE	THRONE_OF_FLAME_MOLE		
THUNKS_ABODE_FLIGHT	TAXI_369		
ORGRIMMAR_VALDRAKKEN_PORTAL	PORTAL_ORGRIMMAR_VALDRAKKEN		
ORGRIMMAR_THUNDER_TOTEM_PORTAL	PORTAL_ORGRIMMAR_THUNDER_TOTEM		
CAMP_ATAYA_FLIGHT	TAXI_568		
SCHNOTTZS_LANDING_FLIGHT	TAXI_674		
GUNSTANS_DIG_FLIGHT	TAXI_532		
THERAMORE	THERAMORE		
CAVERNS_OF_TIME_STORMWIND_PORTAL	PORTAL_CAVERNS_OF_TIME_STORMWIND		
ORGRIMMAR_SILVERMOON_PORTAL	PORTAL_ORGRIMMAR_SILVERMOON		
SENJIN_VILLAGE_FLIGHT	TAXI_536		
KROMGAR_FORTRESS_FLIGHT	TAXI_362		
ORGRIMMAR_DAZARALOR_PORTAL	PORTAL_ORGRIMMAR_DAZARALOR		
FIRE_PLUME_RIDGE_MOLE	FIRE_PLUME_RIDGE_MOLE		
MOSSY_PILE_FLIGHT	TAXI_386		
ZULFARRAK_DUNGEON	INSTANCE_ZULFARRAK	241	
THUNDER_BLUFF_ZEP	ZEPPELIN_THUNDER_BLUFF		
MOONGLADE_DRUID	MOONGLADE_DRUID		
HUNTERS_HILL_FLIGHT	TAXI_390		
ECHO_ISLES_DOCK	DOCK_ECHO_ISLES		
FARWATCHERS_GLEN_FLIGHT	TAXI_365		
BLOODHOOF_VILLAGE_FLIGHT	TAXI_402		
THRONE_OF_THE_FOUR_WINDS_RAID	INSTANCE_THRONE_OF_THE_FOUR_WINDS	74	
CLIFFWALKER_POST_FLIGHT	TAXI_360		
THARGADS_CAMP_FLIGHT	TAXI_367		
GROVE_OF_THE_ANCIENTS_FLIGHT_PRESENT	TAXI_339		
THERAMORE_DOCK	DOCK_THERAMORE		
ORGRIMMAR_AZSUNA_PORTAL	PORTAL_ORGRIMMAR_AZSUNA		
SUN_ROCK_RETREAT_FLIGHT	TAXI_29		
WELL_OF_ETERNITY_DUNGEON	INSTANCE_WELL_OF_ETERNITY	185	
ULDUM	ULDUM		
WESTREACH_SUMMIT_FLIGHT	TAXI_30		
HELLSCREAMS_WATCH_FLIGHT	TAXI_350		
IRONTREE_CLEARING_FLIGHT	TAXI_597		
RUINS_OF_AHNQIRAJ_RAID	INSTANCE_RUINS_OF_AHNQIRAJ	743	
ORGRIMMAR_WAKING_SHORES_ZEP	ZEPPELIN_ORGRIMMAR_WAKING_SHORES		
BLACKFATHOM_CAMP_FLIGHT	TAXI_338		
NIGHTHAVEN_FLIGHT_HORDE	TAXI_63		
RATCHET_FLIGHT	TAXI_80		
DREAMERS_REST_FLIGHT	TAXI_565		
NORDRASSIL_FLIGHT	TAXI_559		
ULDUM_ZIDORMI_PAST	ULDUM_ZIDORMI_PAST		
CAMP_MOJACHE_FLIGHT	TAXI_42		
DUSTWALLOW_ZIDORMI_PAST	DUSTWALLOW_ZIDORMI_PAST		
DAWNRISE_EXPEDITION_FLIGHT	TAXI_531		
FERALAS_DRUID	FERALAS_DRUID		
SILITHUS_ZIDORMI_PAST	SILITHUS_ZIDORMI_PAST		
LORDANEL_FLIGHT_PAST	TAXI_26		
SILVERWIND_REFUGE_FLIGHT	TAXI_356		
ORGRIMMAR_GROMGOL_ZEP	ZEPPELIN_ORGRIMMAR_GROMGOL		
ORGRIMMAR_DALARAN_NORTHREND_PORTAL	PORTAL_ORGRIMMAR_DALARAN_NORTHREND		
ORGRIMMAR_THUNDER_BLUFF_ZEP	ZEPPELIN_ORGRIMMAR_THUNDER_BLUFF		
TEMPLE_OF_AHNQIRAJ_RAID	INSTANCE_TEMPLE_OF_AHNQIRAJ	744	
DRAGON_SOUL_RAID	INSTANCE_DRAGON_SOUL	187	
LORDANEL_FLIGHT_PRESENT	FLIGHT_LORDANEL_PRESENT		
ORGRIMMAR_EMBASSY	ORGRIMMAR_EMBASSY		
THE_VORTEX_PINNACLE	THE_VORTEX_PINNACLE		
NYALOTHA_THE_WAKING_CITY_RAID_ULDUM	INSTANCE_NYALOTHA_THE_WAKING_CITY_ULDUM	1180	
ONYXIAS_LAIR_RAID	INSTANCE_ONYXIAS_LAIR	760	
RAZORFEN_KRAUL_DUNGEON	INSTANCE_RAZORFEN_KRAUL	234	
THUNDER_BLUFF_FLIGHT	TAXI_22		
EVERLOOK_FLIGHT_ALLIANCE	TAXI_52		
DUSTWALLOW_ZIDORMI_PRESENT	DUSTWALLOW_ZIDORMI_PRESENT		
DARKSHORE_ZIDORMI_PAST	DARKSHORE_ZIDORMI_PAST		
RAZOR_HILL_FLIGHT	TAXI_537		
HALLS_OF_ORIGINATION_DUNGEON	INSTANCE_HALLS_OF_ORIGINATION	70	
ORGRIMMAR_WARSONG_ZEP	ZEPPELIN_ORGRIMMAR_WARSONG		
FOREST_SONG_FLIGHT	TAXI_167		
END_TIME_DUNGEON	INSTANCE_END_TIME	184	
HOUR_OF_TWILIGHT_DUNGEON	INSTANCE_HOUR_OF_TWILIGHT	186	
ORGRIMMAR_SHATTRATH_OUTLANDS_PORTAL	PORTAL_ORGRIMMAR_SHATTRATH_OUTLANDS		
HONORS_STAND_FLIGHT	TAXI_387		
THE_BLACK_MORASS_DUNGEON	INSTANCE_THE_BLACK_MORASS	255	
THE_CROSSROADS_FLIGHT	TAXI_25		
OLD_HILLSBRAD_FOOTHILLS_DUNGEON	INSTANCE_OLD_HILLSBRAD_FOOTHILLS	251	
CAVERNS_OF_TIME_ORGRIMMAR_PORTAL	PORTAL_CAVERNS_OF_TIME_ORGRIMMAR		
BLACKFATHOM_DEEPS_DUNGEON	INSTANCE_BLACKFATHOM_DEEPS	227	
MARAUDON_DUNGEON	INSTANCE_MARAUDON	232	
RAZORFEN_DOWNS_DUNGEON	INSTANCE_RAZORFEN_DOWNS	233	
ETHEL_RETHOR_FLIGHT	TAXI_370		
WAILING_CAVERNS_DUNGEON	INSTANCE_WAILING_CAVERNS	240	
OASIS_OF_VIRSAR_FLIGHT	TAXI_653		
THE_MORSHAN_RAMPARTS_FLIGHT	TAXI_354		
GROVE_OF_AESSINA_FLIGHT	TAXI_558		
BRACKENWALL_VILLAGE_FLIGHT	TAXI_55		
DARKSHORE_PORTAL_EXIT	DARKSHORE_PORTAL_EXIT		
THE_GREAT_DIVIDE_MOLE	THE_GREAT_DIVIDE_MOLE		
VALORMOK_FLIGHT	TAXI_683		
STONEMAUL_HOLD_FLIGHT	TAXI_569		
THE_BATTLE_FOR_MOUNT_HYJAL_RAID	INSTANCE_THE_BATTLE_FOR_MOUNT_HYJAL	750	
SHADOWPREY_VILLAGE_FLIGHT	TAXI_38		
FIZZLE_POZZIKS_SPEEDBARGE_FLIGHT	TAXI_513		
GADGETZAN_FLIGHT_ALLIANCE	TAXI_39		
DESOLATION_HOLD_FLIGHT	TAXI_391		
VENDETTA_POINT_FLIGHT	TAXI_77		
RAMKAHEN_FLIGHT	TAXI_652		
LOST_CITY_OF_THE_TOLVIR	INSTANCE_LOST_CITY_OF_THE_TOLVIR	69	
DARKSHORE_BELAMETH_PORTAL_PRESENT	PORTAL_DARKSHORE_BELAMETH_PRESENT		
NORTHWATCH_EXPEDITION_BASE_CAMP_FLIGHT	TAXI_364		
SHRINE_OF_AVIANA_FLIGHT	TAXI_557		
ZORAMGAR_OUTPOST_FLIGHT	TAXI_58		
ULDUM_ZIDORMI_PRESENT	ULDUM_ZIDORMI_PRESENT		
ORGRIMMAR_PORTAL_ROOM_STAIRS	ORGRIMMAR_PORTAL_ROOM_STAIRS		
SILITHUS_ZIDORMI_PRESENT	SILITHUS_ZIDORMI_PRESENT		
GADGETZAN_FLIGHT_HORDE	TAXI_40		
SILITHUS	SILITHUS		
EVERLOOK_RIPPER	EVERLOOK_RIPPER		
MALAKAJIN_FLIGHT	TAXI_363		
SHADEBOUGH_FLIGHT	TAXI_31		
TOWER_OF_ESTULAN_FLIGHT	TAXI_567		
FEATHERMOON_FLIGHT	TAXI_41		
MOONGLADE_FLIGHT_HORDE	TAXI_69		
MUDSPROCKET_FLIGHT	TAXI_179		
NIJELS_POINT_FLIGHT	TAXI_37		
KARNUMS_GLADE_FLIGHT	TAXI_368		
NORTHWATCH_HOLD_FLIGHT	TAXI_388		
SANCTUARY_OF_MALORNE_FLIGHT	TAXI_781		
THALDARAH_OVERLOOK_FLIGHT	TAXI_33		
STARDUST_SPIRE_FLIGHT	TAXI_351		
ASTRANAAR_FLIGHT	TAXI_28		
DARKSHORE_BELAMETH_PORTAL_PAST	PORTAL_DARKSHORE_BELAMETH_PAST		
ORGRIMMAR_PORTAL_ROOM_LOWER	ORGRIMMAR_PORTAL_ROOM_LOWER		
MOONGLADE_FLIGHT_ALLIANCE	TAXI_49		
WILDHEART_POINT_FLIGHT	TAXI_595		
WESTERN_EARTHSHRINE_OG	WESTERN_EARTHSHRINE_OG		
NIGHTHAVEN_FLIGHT_ALLIANCE	TAXI_62		
GROVE_OF_THE_ANCIENTS_FLIGHT_PAST	FLIGHT_GROVE_OF_THE_ANCIENTS_PAST		
GATES_OF_SOTHANN_FLIGHT	TAXI_616		
THUNDER_BLUFF	THUNDER_BLUFF		
ORGRIMMAR_CAVERNS_OF_TIME_PORTAL	PORTAL_ORGRIMMAR_CAVERNS_OF_TIME		
ORGRIMMAR_RAZORWIND_SHORES_PORTAL	PORTAL_ORGRIMMAR_RAZORWIND_SHORES		
INSTANCE_230	INSTANCE_DIRE_MAUL_CAPITAL_GARDENS	230	
BRAWLGAR_ARENA	BRAWLGAR_ARENA		
BRAWLGAR_TO_ORGRIMMAR	BRAWLGAR_TO_ORGRIMMAR		
ORGRIMMAR_TO_BRAWLGAR	ORGRIMMAR_TO_BRAWLGAR		
HONOR_HOLD_MOLE	HONOR_HOLD_MOLE		
MOKNATHAL_VILLAGE_FLIGHT	TAXI_163		
FALCON_WATCH_FLIGHT	TAXI_102		
COSMOWRENCH_FLIGHT	TAXI_150		
BLACK_TEMPLE	BLACK_TEMPLE		
BLACK_TEMPLE_RAID	INSTANCE_BLACK_TEMPLE	751	
HONOR_HOLD_FLIGHT	TAXI_100		
TEMPEST_KEEP_RAID	TEMPEST_KEEP_RAID		
SERPENTSHRINE_CAVERN_RAID	INSTANCE_SERPENTSHRINE_CAVERN	748	
SWAMPRAT_POST_FLIGHT	TAXI_151		
GRUULS_LAIR_RAID	INSTANCE_GRUULS_LAIR	746	
AREA_52_FLIGHT	TAXI_122		
SANCTUM_OF_THE_STARS_FLIGHT	TAXI_159		
TOSHLEYS_STATION_TRANSPORTER	TOSHLEYS_STATION_TRANSPORTER		
HELLFIRE_PENINSULA_FLIGHT_ALLIANCE	TAXI_129		
TOSHLEYS_STATION_FLIGHT	TAXI_156		
THE_MECHANAR_DUNGEON	INSTANCE_THE_MECHANAR	258	
TEMPLE_OF_TELHAMAT_FLIGHT	TAXI_101		
TELREDOR_FLIGHT	TAXI_117		
THE_STORMSPIRE_FLIGHT	TAXI_139		
WILDHAMMER_STRONGHOLD_FLIGHT	TAXI_124		
AUCHENAI_CRYPTS_DUNGEON	INSTANCE_AUCHENAI_CRYPTS	247	
ZABRAJIN_FLIGHT	TAXI_118		
SHADOW_LABYRINTH_DUNGEON	INSTANCE_SHADOW_LABYRINTH	253	
WORLDS_END_TAVERN	WORLDS_END_TAVERN		
THE_ARCATRAZ_DUNGEON	INSTANCE_THE_ARCATRAZ	254	
SHATTER_POINT_FLIGHT	TAXI_148		
HELLFIRE_PENINSULA_FLIGHT_HORDE	TAXI_130		
OREBOR_HARBORAGE_FLIGHT	TAXI_164		
DARK_PORTAL_OUTLANDS	DARK_PORTAL_OUTLANDS		
MANATOMBS_DUNGEON	INSTANCE_MANATOMBS	250	
SHADOWMOON_VALLEY_OUTLANDS_MOLE	SHADOWMOON_VALLEY_OUTLANDS_MOLE		
SHADOWMOON_VILLAGE_FLIGHT	TAXI_123		
BLADES_EDGE_MOUNTAINS_MOLE	BLADES_EDGE_MOUNTAINS_MOLE		
THE_SHATTERED_HALLS_DUNGEON	INSTANCE_THE_SHATTERED_HALLS	259	
THE_UNDERBOG_DUNGEON	INSTANCE_THE_UNDERBOG	262	
THE_STEAMVAULT_DUNGEON	INSTANCE_THE_STEAMVAULT	261	
THUNDERLORD_STRONGHOLD_FLIGHT	TAXI_126		
SHATTRATH_OUTLANDS_FLIGHT	TAXI_128		
THE_BLOOD_FURNACE_DUNGEON	INSTANCE_THE_BLOOD_FURNACE	256	
HELLFIRE_RAMPARTS_DUNGEON	INSTANCE_HELLFIRE_RAMPARTS	248	
STONEBREAKER_HOLD_FLIGHT	TAXI_127		
GARADAR_FLIGHT	TAXI_120		
AREA_52_RIPPER	AREA_52_RIPPER		
THE_SLAVE_PENS_DUNGEON	INSTANCE_THE_SLAVE_PENS	260	
SHATTRATH_OUTLANDS	SHATTRATH_OUTLANDS		
ALTAR_OF_SHATAR_FLIGHT	TAXI_140		
TELAAR_FLIGHT	TAXI_119		
MAGTHERIDONS_LAIR_RAID	INSTANCE_MAGTHERIDONS_LAIR	747	
SYLVANAAR_FLIGHT	TAXI_125		
THRALLMAR_FLIGHT	TAXI_99		
THE_BOTANICA_DUNGEON	INSTANCE_THE_BOTANICA	257	
ALLERIAN_STRONGHOLD_FLIGHT	TAXI_121		
SPINEBREAKER_RIDGE_FLIGHT	TAXI_141		
EVERGROVE_FLIGHT	TAXI_160		
SETHEKK_HALLS_DUNGEON	INSTANCE_SETHEKK_HALLS	252	
INSTANCE_749	INSTANCE_THE_EYE	749	
VENGEANCE_LANDING_ZEPPELIN	ZEPPELIN_VENGEANCE_LANDING		
THE_EYE_OF_ETERNITY_RAID	INSTANCE_THE_EYE_OF_ETERNITY	756	
SUNREAVERS_COMMAND_FLIGHT	TAXI_337		
VENGEANCE_LANDING_FLIGHT	TAXI_191		
MOAKI_FLIGHT	TAXI_294		
NESINGWARY_BASE_CAMP_FLIGHT	TAXI_309		
FORDRAGON_HOLD_FLIGHT	TAXI_251		
FORT_WILDERVAR_FLIGHT	TAXI_184		
BORGOROK_OUTPOST_FLIGHT	TAXI_259		
VALIANCE_KEEP_FLIGHT	TAXI_245		
VENOMSPITE_FLIGHT	TAXI_254		
VALGARDE_PORT_FLIGHT	TAXI_183		
LIGHTS_BREACH_FLIGHT	TAXI_306		
ARGENT_TOURNAMENT_GROUNDS	ARGENT_TOURNAMENT_GROUNDS		
DALARAN_NORTHREND_FLIGHT	TAXI_310		
GUNDRAK_FLIGHT	TAXI_331		
VALGARDE_PORT_DOCK	DOCK_VALGARDE_PORT		
CAMP_TUNKALO_FLIGHT	TAXI_324		
THE_OBSIDIAN_SANCTUM_RAID	INSTANCE_THE_OBSIDIAN_SANCTUM	755	
THE_ARGENT_VANGUARD_FLIGHT	TAXI_334		
UTGARDE_KEEP_DUNGEON	INSTANCE_UTGARDE_KEEP	285	
DUN_NIFFELEM_FLIGHT	TAXI_322		
ARGENT_TOURNAMENT_GROUNDS_MOLE	ARGENT_TOURNAMENT_GROUNDS_MOLE		
DALARAN_NORTHREND	DALARAN_NORTHREND		
DALARAN_NORTHREND_ORGRIMMAR_PORTAL	PORTAL_DALARAN_NORTHREND_ORGRIMMAR		
HALLS_OF_STONE_DUNGEON	INSTANCE_HALLS_OF_STONE	277	
WINDRUNNERS_OVERLOOK_FLIGHT	TAXI_336		
NEW_AGAMAND_FLIGHT	TAXI_190		
ARGENT_TOURNAMENT_GROUNDS_FLIGHT	TAXI_340		
UTGARDE_PINNACLE_DUNGEON	INSTANCE_UTGARDE_PINNACLE	286	
CRUSADERS_PINNACLE_FLIGHT	TAXI_335		
FIZZCRANK_AIRSTRIP_FLIGHT	TAXI_246		
STORM_PEAKS_WORMHOLE	STORM_PEAKS_WORMHOLE		
AMBERPINE_LODGE_FLIGHT	TAXI_253		
HOWLING_FJORD_WORMHOLE	HOWLING_FJORD_WORMHOLE		
THE_ARGENT_STAND_FLIGHT	TAXI_304		
THE_RUBY_SANCTUM_RAID	INSTANCE_THE_RUBY_SANCTUM	761	
WARSONG_HOLD_FLIGHT	TAXI_257		
TRIAL_OF_THE_CRUSADER_RAID	INSTANCE_TRIAL_OF_THE_CRUSADER	757	
THE_OCULUS_DUNGEON	INSTANCE_THE_OCULUS	282	
CAMP_ONEQWAH_FLIGHT	TAXI_249		
THE_SHADOW_VAULT_FLIGHT	TAXI_333		
VAULT_OF_ARCHAVON_RAID	INSTANCE_VAULT_OF_ARCHAVON	753	
NAXXRAMAS_RAID	INSTANCE_NAXXRAMAS	754	
SHOLAZAR_BASIN_WORMHOLE	SHOLAZAR_BASIN_WORMHOLE		
HALLS_OF_REFLECTION_DUNGEON	INSTANCE_HALLS_OF_REFLECTION	276	
GUNDRAK_DUNGEON	INSTANCE_GUNDRAK	274	
AHNKAHET_THE_OLD_KINGDOM_DUNGEON	INSTANCE_AHNKAHET_THE_OLD_KINGDOM	271	
THE_FORGE_OF_SOULS_DUNGEON	INSTANCE_THE_FORGE_OF_SOULS	280	
APOTHECARY_CAMP_FLIGHT	TAXI_248		
WESTGUARD_KEEP_FLIGHT	TAXI_185		
VALIANCE_LANDING_CAMP_FLIGHT	TAXI_303		
VALIANCE_KEEP_DOCK	DOCK_VALIANCE_KEEP		
WESTFALL_BRIGADE_FLIGHT	TAXI_255		
EBON_WATCH_FLIGHT	TAXI_305		
TRIAL_OF_THE_CHAMPION_DUNGEON	INSTANCE_TRIAL_OF_THE_CHAMPION	284	
HALLS_OF_LIGHTNING_DUNGEON	INSTANCE_HALLS_OF_LIGHTNING	275	
PIT_OF_SARON_DUNGEON	INSTANCE_PIT_OF_SARON	278	
THE_VIOLET_HOLD_DUNGEON	INSTANCE_THE_VIOLET_HOLD	283	
KAMAGUA_FLIGHT	TAXI_295		
ICECROWN_CITADEL_RAID	INSTANCE_ICECROWN_CITADEL	758	
DRAKTHARON_KEEP_DUNGEON	INSTANCE_DRAKTHARON_KEEP	273	
BOREAN_TUNDRA_WORMHOLE	BOREAN_TUNDRA_WORMHOLE		
AMBER_LEDGE_FLIGHT	TAXI_289		
UNUPE_FLIGHT	TAXI_296		
CONQUEST_HOLD_FLIGHT	TAXI_250		
ULDUAR_RAID	INSTANCE_ULDUAR	759	
AGMARS_HAMMER_FLIGHT	TAXI_256		
WARSONG_HOLD_ZEPPELIN	ZEPPELIN_WARSONG_HOLD		
STARS_REST_FLIGHT	TAXI_247		
RUBY_DRAGONSHRINE_MOLE	RUBY_DRAGONSHRINE_MOLE		
KORKRON_VANGUARD_FLIGHT	TAXI_260		
CAMP_WINTERHOOF_FLIGHT	TAXI_192		
WARSONG_CAMP_FLIGHT	TAXI_332		
AZJOLNERUB_DUNGEON	INSTANCE_AZJOLNERUB	272	
FROSTHOLD_FLIGHT	TAXI_321		
TAUNKALE_VILLAGE_FLIGHT	TAXI_258		
THE_NEXUS_DUNGEON	INSTANCE_THE_NEXUS	281	
GRIZZLY_HILLS_DRUID	GRIZZLY_HILLS_DRUID		
VALGARDE_BOAT	VALGARDE_BOAT		
WYRMREST_TEMPLE_FLIGHT	TAXI_252		
TRANSITUS_SHIELD_FLIGHT	TAXI_226		
DEATHS_RISE_FLIGHT	TAXI_325		
ZIMTORGA_FLIGHT	TAXI_307		
RIVERS_HEART_FLIGHT	TAXI_308		
GROMARSH_CRASHSITE_FLIGHT	TAXI_323		
ULDUAR_FLIGHT	TAXI_326		
DALARAN_NORTHREND_STORMWIND_PORTAL	PORTAL_DALARAN_NORTHREND_STORMWIND		
K3_FLIGHT	TAXI_320		
BOULDERCRAGS_REFUGE_FLIGHT	TAXI_327		
WINTERGARDE_KEEP_FLIGHT	TAXI_244		
KIRIN_TOR_BASE	KIRIN_TOR_BASE		
SUNREAVER_BASE	SUNREAVER_BASE		
THRONE_OF_THUNDER_RAID	INSTANCE_THRONE_OF_THUNDER	362	
NYALOTHA_THE_WAKING_CITY_RAID_PANDARIA	INSTANCE_NYALOTHA_THE_WAKING_CITY_PANDARIA	1180	
PAWDON_VILLAGE_PORTAL	PORTAL_PAWDON_VILLAGE		
VALLEY_OF_THE_FOUR_WINDS_MOLE	VALLEY_OF_THE_FOUR_WINDS_MOLE		
EMPERORS_OMEN_FLIGHT	TAXI_970		
SENTINEL_BASECAMP_FLIGHT	TAXI_991		
ONE_KEG_FLIGHT	TAXI_1022		
THE_SUNSET_BREWGARDEN_FLIGHT	TAXI_1072		
STONEPLOW_FLIGHT	TAXI_989		
VALE_ZIDORMI_PAST	VALE_ZIDORMI_PAST		
MISTFALL_VILLAGE_FLIGHT	TAXI_2544		
MOGUSHAN_VAULTS_RAID	INSTANCE_MOGUSHAN_VAULTS	317	
JADE_TEMPLE_GROUNDS_FLIGHT	TAXI_968		
THE_ARBORETUM_FLIGHT	TAXI_967		
TIAN_MONASTERY_FLIGHT	TAXI_971		
THUNDER_CLEFT_FLIGHT	TAXI_987		
CRADLE_OF_CHIJI_FLIGHT	TAXI_992		
ZHUS_WATCH_FLIGHT	TAXI_986		
TERRACE_OF_ENDLESS_SPRING_RAID	INSTANCE_TERRACE_OF_ENDLESS_SPRING	320	
KLAXXIVESS_FLIGHT	TAXI_1070		
THE_LIONS_REDOUBT_FLIGHT	TAXI_1115		
ZOUCHIN_VILLAGE_FLIGHT	TAXI_1021		
HEART_OF_FEAR_RAID	INSTANCE_HEART_OF_FEAR	330	
SERPENTS_OVERLOOK_FLIGHT	TAXI_1080		
KUN_LAI_SUMMIT_MOLE	KUN_LAI_SUMMIT_MOLE		
LONGYING_OUTPOST_FLIGHT	TAXI_1053		
KOTA_BASECAMP_FLIGHT	TAXI_1023		
THE_BRINY_MUCK_FLIGHT	TAXI_1090		
SHADOPAN_FALLBACK_FLIGHT	TAXI_1024		
PANGS_STEAD_FLIGHT	TAXI_984		
WESTWIND_REST_FLIGHT	TAXI_1020		
SOGGYS_GAMBLE_FLIGHT	TAXI_1071		
DAWNS_BLOSSOM_FLIGHT	TAXI_895		
BINAN_VILLAGE_FLIGHT	TAXI_1017		
SHADOPAN_GARRISON_FLIGHT	TAXI_1056		
HALFHILL_FLIGHT	TAXI_985		
STORMSTOUT_BREWERY_DUNGEON	INSTANCE_STORMSTOUT_BREWERY	302	
SHADOPAN_MONASTERY_DUNGEON	INSTANCE_SHADOPAN_MONASTERY	312	
PEARLFIN_VILLAGE_FLIGHT	TAXI_972		
SHADOPAN_ISLE_OF_THUNDER_PORTAL_HORDE	PORTAL_SHADOPAN_ISLE_OF_THUNDER_HORDE		
SRILA_VILLAGE_FLIGHT	TAXI_969		
GRASSY_CLINE_FLIGHT	TAXI_1052		
VALE_ZIDORMI_PRESENT	VALE_ZIDORMI_PRESENT		
PAWDON_VILLAGE_FLIGHT	TAXI_966		
SHRINE_OF_TWO_MOONS	SHRINE_OF_TWO_MOONS		
RENSAIS_WATCHPOST_FLIGHT	TAXI_1055		
TEMPLE_OF_THE_JADE_SERPENT_DUNGEON	INSTANCE_TEMPLE_OF_THE_JADE_SERPENT	313	
SIEGE_OF_NIUZAO_TEMPLE_DUNGEON	INSTANCE_SIEGE_OF_NIUZAO_TEMPLE	324	
GATE_OF_THE_SETTING_SUN_DUNGEON	INSTANCE_GATE_OF_THE_SETTING_SUN	303	
MOGUSHAN_PALACE_DUNGEON	INSTANCE_MOGUSHAN_PALACE	321	
SHADOPAN_ISLE_OF_THUNDER_PORTAL_ALLIANCE	PORTAL_SHADOPAN_ISLE_OF_THUNDER_ALLIANCE		
DOMINATION_POINT_FLIGHT	TAXI_1195		
DAWNCHASER_RETREAT_FLIGHT	TAXI_990		
LIONS_LANDING_FLIGHT	TAXI_1190		
SHRINE_OF_TWO_MOONS_FLIGHT	TAXI_1058		
GROOKIN_HILL_FLIGHT	TAXI_894		
SIEGE_OF_ORGRIMMAR_RAID	INSTANCE_SIEGE_OF_ORGRIMMAR	369	
GAORAN_BATTLEFRONT_FLIGHT	TAXI_1054		
TAVERN_IN_THE_MISTS_FLIGHT	TAXI_1029		
TEMPLE_OF_THE_WHITE_TIGER_FLIGHT	TAXI_1018		
MARISTA_FLIGHT	TAXI_993		
SERPENTS_SPINE_FLIGHT_ALLIANCE	TAXI_1073		
EASTWIND_REST_FLIGHT	TAXI_1019		
SERPENTS_SPINE_FLIGHT_HORDE	FLIGHT_SERPENTS_SPINE_HORDE		
HONEYDEW_VILLAGE_FLIGHT	TAXI_973		
WINTERS_BLOSSOM_FLIGHT	TAXI_1025		
SHRINE_OF_SEVEN_STARS_FLIGHT	TAXI_1057		
SHRINE_OF_SEVEN_STARS	SHRINE_OF_SEVEN_STARS		
THE_INCURSION_FLIGHT	TAXI_988		
HONEYDEW_VILLAGE	HONEYDEW_VILLAGE		
MONK_DALARAN_PORTAL	PORTAL_MONK_DALARAN		
PEAK_OF_SERENITY	PEAK_OF_SERENITY		
EYE_OF_AZSHARA_FLIGHT	TAXI_1870		
HAFR_FJALL_FLIGHT	TAXI_1863		
STORMTORN_FOOTHILLS_FLIGHT	TAXI_1857		
EMERALD_DREAMWAY_DUSKWOOD_PORTAL	PORTAL_EMERALD_DREAMWAY_DUSKWOOD		
EMERALD_DREAMWAY	EMERALD_DREAMWAY		
GLOAMING_REEF_FLIGHT	TAXI_1885		
DALARAN_PALADIN_PORTAL_HORDE	PORTAL_DALARAN_PALADIN_HORDE		
EMERALD_DREAMWAY_AMIRDRASSIL_PORTAL	PORTAL_EMERALD_DREAMWAY_AMIRDRASSIL		
THE_WITCHWOOD_FLIGHT	TAXI_1754		
VALDISDALL_FLIGHT	TAXI_1742		
DALARAN_BROKEN_ISLES_PORTAL_HORDE	PORTAL_DALARAN_BROKEN_ISLES_HORDE		
VALSHARAH	VALSHARAH		
IRONGROVE_RETREAT_FLIGHT	TAXI_1880		
DELIVERANCE_POINT_FLIGHT	TAXI_1941		
AZUREWING_REPOSE_FLIGHT	TAXI_1613		
VAULT_OF_THE_WARDENS_DUNGEON	INSTANCE_VAULT_OF_THE_WARDENS	707	
ACHERUS	ACHERUS		
EMERALD_DREAMWAY_FERALAS_PORTAL	PORTAL_EMERALD_DREAMWAY_FERALAS		
AALGEN_POINT_FLIGHT	TAXI_1942		
EMERALD_DREAMWAY_DREAMGROVE_PORTAL	PORTAL_EMERALD_DREAMWAY_DREAMGROVE		
VENGEANCE_POINT_FLIGHT	TAXI_1856		
VALSHARAH_DRUID	VALSHARAH_DRUID		
SHACKLES_DEN_FLIGHT	TAXI_1633		
WATCHERS_AERIE_FLIGHT	TAXI_1860		
THUNDER_TOTEM_FLIGHT	TAXI_1719		
HIGHMOUNTAIN_MOLE	HIGHMOUNTAIN_MOLE		
CHALLIANES_TERRACE_FLIGHT	TAXI_1615		
ILLIDARI_PERCH_FLIGHT	TAXI_1861		
GARDEN_OF_THE_MOON_FLIGHT	TAXI_1766		
CATHEDRAL_OF_ETERNAL_NIGHT_DUNGEON	INSTANCE_CATHEDRAL_OF_ETERNAL_NIGHT	900	
AZSUNA	AZSUNA		
NIGHTHOLD_SHALARAN_PORTAL	PORTAL_NIGHTHOLD_SHALARAN		
EMERALD_DREAMWAY_GRIZZLY_HILLS_PORTAL	PORTAL_EMERALD_DREAMWAY_GRIZZLY_HILLS		
DALARAN_PALADIN_PORTAL_ALLIANCE	PORTAL_DALARAN_PALADIN_ALLIANCE		
VALSHARAH_DRUID_DALARAN_PORTAL	PORTAL_VALSHARAH_DRUID_DALARAN		
EMERALD_DREAMWAY_HINTERLANDS_PORTAL	PORTAL_EMERALD_DREAMWAY_HINTERLANDS		
SKYHORN_FLIGHT	TAXI_1753		
DALARAN_BROKEN_ISLES_PET	DALARAN_BROKEN_ISLES_PET		
NESINGWARYS_RETREAT_FLIGHT	TAXI_1767		
EMERALD_DREAMWAY_HYJAL_PORTAL	PORTAL_EMERALD_DREAMWAY_HYJAL		
PREPFOOT_FLIGHT	TAXI_1761		
TOMB_OF_SARGERAS_RAID	INSTANCE_TOMB_OF_SARGERAS	875	
STARSONG_REFUGE_FLIGHT	TAXI_1764		
THE_EMERALD_NIGHTMARE_RAID	INSTANCE_THE_EMERALD_NIGHTMARE	768	
COURT_OF_STARS_DUNGEON	INSTANCE_COURT_OF_STARS	800	
LORLATHIL_FLIGHT	TAXI_1673		
THUNDER_TOTEM_ORGRIMMAR_PORTAL	PORTAL_THUNDER_TOTEM_ORGRIMMAR		
CULLENS_POST_FLIGHT	TAXI_1738		
SHIPWRECK_COVE_FLIGHT	TAXI_1756		
FORSAKEN_FOOTHOLD_FLIGHT	TAXI_1741		
HALL_OF_THE_GUARDIAN	HALL_OF_THE_GUARDIAN		
MAW_OF_SOULS_DUNGEON	INSTANCE_MAW_OF_SOULS	727	
HALLS_OF_VALOR_DUNGEON	INSTANCE_HALLS_OF_VALOR	721	
EYE_OF_AZSHARA_DUNGEON	INSTANCE_EYE_OF_AZSHARA	716	
NELTHARIONS_LAIR_DUNGEON	INSTANCE_NELTHARIONS_LAIR	767	
THE_NIGHTHOLD_RAID	INSTANCE_THE_NIGHTHOLD	786	
DARKHEART_THICKET_DUNGEON	INSTANCE_DARKHEART_THICKET	762	
BLACK_ROOK_HOLD_DUNGEON	INSTANCE_BLACK_ROOK_HOLD	740	
TRIAL_OF_VALOR_RAID	INSTANCE_TRIAL_OF_VALOR	861	
THE_BROKEN_SHORE_MOLE	THE_BROKEN_SHORE_MOLE		
DREADWAKES_LANDING_FLIGHT	TAXI_1739		
THE_ARCWAY_DUNGEON	INSTANCE_THE_ARCWAY	726	
BRADENSBROOK_FLIGHT	TAXI_1713		
OBSIDIAN_OVERLOOK_FLIGHT	TAXI_1758		
DALARAN_BROKEN_ISLES_FLIGHT	FLIGHT_DALARAN_BROKEN_ISLES		
DALARAN_BROKEN_ISLES_PORTAL_ALLIANCE	PORTAL_DALARAN_BROKEN_ISLES_ALLIANCE		
CRIMSON_THICKET_FLIGHT	TAXI_1879		
FELBANE_CAMP_FLIGHT	TAXI_1755		
GREYWATCH_FLIGHT	TAXI_1744		
LORNAS_WATCH_FLIGHT	TAXI_1745		
MEREDIL_FLIGHT	TAXI_1858		
NIGHTHOLD_ORGRIMMAR_PORTAL	PORTAL_NIGHTHOLD_ORGRIMMAR		
STONEHOOF_WATCH_FLIGHT	TAXI_1778		
DALARAN_BROKEN_ISLES	DALARAN_BROKEN_ISLES		
FELBLAZE_INGRESS_FLIGHT	TAXI_1859		
ILLIDARI_STAND_FLIGHT	TAXI_1622		
SHIELDS_REST_FLIGHT	TAXI_1855		
WARDENS_REDOUBT_FLIGHT	TAXI_1837		
SKYFIRE_TRIAGE_CAMP_FLIGHT	TAXI_1747		
IRONHORN_ENCLAVE_FLIGHT	TAXI_1759		
THE_NIGHTHOLD	THE_NIGHTHOLD		
SYLVAN_FALLS_FLIGHT	TAXI_1777		
ASSAULT_ON_VIOLET_HOLD_DUNGEON	INSTANCE_ASSAULT_ON_VIOLET_HOLD	777	
THE_BROKEN_SHORE	THE_BROKEN_SHORE		
EMERALD_DREAMWAY_MOONGLADE_PORTAL	PORTAL_EMERALD_DREAMWAY_MOONGLADE		
JOZS_RYLAKS_FLIGHT	TAXI_1574		
BASTION_RISE_FLIGHT_ALLIANCE	TAXI_1511		
EXILES_RISE_FLIGHT	TAXI_1384		
NAGRAND_DRAENOR_WORMHOLE	NAGRAND_DRAENOR_WORMHOLE		
BREAKERS_CROWN_FLIGHT	TAXI_1520		
AKTARS_POST_FLIGHT	TAXI_1643		
SKYREACH_DUNGEON	INSTANCE_SKYREACH	476	
ANCHORITES_SOJOURN_FLIGHT	TAXI_1451		
NAGRAND_DRAENOR_MOLE	NAGRAND_DRAENOR_MOLE		
TALON_WATCH_FLIGHT	TAXI_1509		
DARK_PORTAL_SHADOWMOON_VALLEY	DARK_PORTAL_SHADOWMOON_VALLEY		
IRON_DOCKS_FLIGHT	TAXI_1524		
BLADESPIRE_CITADEL_FLIGHT	TAXI_1387		
THE_IRON_FRONT_FLIGHT_HORDE	TAXI_1644		
LUNARFALL_SHIPYARD	LUNARFALL_SHIPYARD		
TWILIGHT_GLADE_FLIGHT	TAXI_1382		
LUNARFALL	LUNARFALL		
SHADOWMOON_BURIAL_GROUNDS_DUNGEON	INSTANCE_SHADOWMOON_BURIAL_GROUNDS	537	
AUCHINDOUN_DUNGEON	INSTANCE_AUCHINDOUN	547	
TEROKKAR_REFUGE_FLIGHT	TAXI_1462		
WORVAR_FLIGHT	TAXI_1504		
SKYSEA_RIDGE_FLIGHT	TAXI_1539		
WARSPEAR_ASHRAN	WARSPEAR_ASHRAN		
DEEPROOT_FLIGHT	TAXI_1523		
HELLFIRE_CITADEL_RAID	INSTANCE_HELLFIRE_CITADEL	669	
BLACKROCK_FOUNDRY_RAID	INSTANCE_BLACKROCK_FOUNDRY	457	
HIGHMAUL_RAID	INSTANCE_HIGHMAUL	477	
GRIMRAIL_DEPOT_DUNGEON	INSTANCE_GRIMRAIL_DEPOT	536	
WOLFS_STAND_FLIGHT	TAXI_1559		
ELODOR_ALLIANCE_FLIGHT	TAXI_1468		
RILZITS_HOLDFAST_FLIGHT	TAXI_1572		
VAULT_OF_THE_EARTH_FLIGHT	TAXI_1646		
IRON_DOCKS_DUNGEON	INSTANCE_IRON_DOCKS	558	
SOCRETHARS_RISE_FLIGHT	TAXI_1475		
DARK_PORTAL_STORMSHIELD	DARK_PORTAL_STORMSHIELD		
APEXIS_EXCAVATION_FLIGHT	TAXI_1513		
EXARCHS_REFUGE_FLIGHT_HORDE	TAXI_1454		
BLOODMAUL_SLAG_MINES_DUNGEON	INSTANCE_BLOODMAUL_SLAG_MINES	385	
DARKTIDE_ROOST_FLIGHT	TAXI_1529		
THUNDER_PASS_FLIGHT	TAXI_1395		
STORMSHIELD_ASHRAN	STORMSHIELD_ASHRAN		
AXEFALL_FLIGHT	TAXI_1487		
HIGHPASS_FLIGHT	TAXI_1519		
THE_EVERBLOOM_DUNGEON	INSTANCE_THE_EVERBLOOM	556	
EXARCHS_REFUGE_FLIGHT_ALLIANCE	TAXI_1453		
DARKSPEARS_EDGE_FLIGHT	TAXI_1396		
BEASTWATCH_FLIGHT	TAXI_1442		
THE_RING_OF_TRIALS_FLIGHT	TAXI_1502		
THROMVAR_FLIGHT	TAXI_1388		
DARK_PORTAL_FROSTFIRE_RIDGE	DARK_PORTAL_FROSTFIRE_RIDGE		
THE_DRAAKORIUM_FLIGHT	TAXI_1467		
WORGOL_FLIGHT	TAXI_1386		
FROSTWOLF_OVERLOOK_FLIGHT	TAXI_1441		
TALADOR_WORMHOLE	TALADOR_WORMHOLE		
VOLJINS_PRIDE_FLIGHT	TAXI_1443		
GORGROND_MOLE	GORGROND_MOLE		
RIVERSIDE_POST_FLIGHT	TAXI_1505		
EVERBLOOM_OVERLOOK_FLIGHT	TAXI_1580		
AKEETA_S_HOVEL_FLIGHT	TAXI_1569		
TRANQUIL_COURT_FLIGHT	TAXI_1556		
YRELS_WATCH_FLIGHT	TAXI_1507		
CROWS_CROOK_FLIGHT	TAXI_1515		
LIONS_WATCH_FLIGHT	TAXI_1620		
STONEFANG_OUTPOST_FLIGHT	TAXI_1390		
DUROTANS_GRASP_FLIGHT	TAXI_1445		
NIVEKS_OVERLOOK_FLIGHT	TAXI_1573		
ZANGARRA_FLIGHT	TAXI_1440		
THE_IRON_FRONT_FLIGHT_ALLIANCE	TAXI_1645		
VEIL_TEROKK_FLIGHT	TAXI_1508		
PATH_OF_THE_LIGHT_FLIGHT	TAXI_1383		
LUNARFALL_GARRISON_FLIGHT	TAXI_1476		
SOUTHPORT_FLIGHT	TAXI_1493		
PINCHWHISTLE_GEARWORKS_FLIGHT	TAXI_1510		
RETRIBUTION_POINT_FLIGHT	TAXI_1452		
FROSTWALL	FROSTWALL		
FROSTWALL_SHIPYARD	FROSTWALL_SHIPYARD		
SHATTRATH_CITY_FLIGHT	TAXI_1450		
FORT_WRYNN_ALLIANCE_FLIGHT	TAXI_1447		
IRON_SIEGEWORKS_FLIGHT	TAXI_1528		
REDEMPTION_RISE_FLIGHT	TAXI_1448		
FROSTWALL_GARRISON_FLIGHT	TAXI_1432		
SHADOWMOON_VALLEY_WORMHOLE	SHADOWMOON_VALLEY_WORMHOLE		
STORMSHIELD_ALLIANCE_FLIGHT	TAXI_1420		
EMBAARI_VILLAGE_FLIGHT	TAXI_1381		
WARSPEAR_ASHRAN_FLIGHT	TAXI_1408		
LUNARFALL_ALLIANCE_FLIGHT	FLIGHT_LUNARFALL_ALLIANCE		
MALOS_LOOKOUT_FLIGHT	TAXI_1647		
THRONE_OF_THE_ELEMENTS_FLIGHT	TAXI_1503		
VOLMAR_FLIGHT	TAXI_1621		
EVERMORN_SPRINGS_FLIGHT	TAXI_1514		
BASTION_RISE_FLIGHT_HORDE	TAXI_1512		
SHANAARI_REFUGE_FLIGHT	TAXI_1648		
GORGROND_WORMHOLE	GORGROND_WORMHOLE		
TELAARI_STATION_FLIGHT	TAXI_1506		
EVERBLOOM_WILDS_FLIGHT	TAXI_1568		
WILDWOOD_WASH_FLIGHT	TAXI_1518		
GRIM_CAMPFIRE_GORGROND	GRIM_CAMPFIRE_GORGROND		
BLOODMAUL_SLAG_MINES_FLIGHT	TAXI_1389		
FROSTFIRE_RIDGE_WORMHOLE	FROSTFIRE_RIDGE_WORMHOLE		
SPIRES_OF_ARAK_WORMHOLE	SPIRES_OF_ARAK_WORMHOLE		
PINEWOOD_POST_FLIGHT	TAXI_2798		
UKTULUT_PIER_FLIGHT	TAXI_2803		
WAKING_SHORES_ORGRIMMAR_ZEP	ZEPPELIN_WAKING_SHORES_ORGRIMMAR		
FORKRIVER_CROSSING_FLIGHT	TAXI_2793		
AMIRDRASSIL_DRUID	AMIRDRASSIL_DRUID		
THE_NOKHUD_OFFENSIVE_DUNGEON	INSTANCE_THE_NOKHUD_OFFENSIVE	1198	
TYRHOLD_RESERVOIR_WAYGATE	TYRHOLD_RESERVOIR_WAYGATE		
OHNIRI_SPRINGS_FLIGHT	TAXI_2825		
BROADHOOF_OUTPOST_FLIGHT	TAXI_2795		
LIFE_VAULT_RUINS_FLIGHT	TAXI_2806		
FORBIDDEN_REACH	FORBIDDEN_REACH		
ZARALEK_CAVERN_MOLE	ZARALEK_CAVERN_MOLE		
BELAMETH	BELAMETH		
VALDRAKKEN_FLIGHT	TAXI_2810		
RUBY_LIFE_POOLS_DUNGEON	INSTANCE_RUBY_LIFE_POOLS	1202	
AZURE_ARCHIVES_FLIGHT	TAXI_2773		
UKTULUT_BACKWATER_FLIGHT	TAXI_2804		
TIMBERSTEP_OUTPOST_FLIGHT	TAXI_2790		
RUSZATHAR_REACH_FLIGHT	TAXI_2799		
DAWN_OF_THE_INFINITES_DUNGEON	INSTANCE_DAWN_OF_THE_INFINITES	1209	
OBSIDIAN_BULWARK_FLIGHT	TAXI_2808		
DRAGONSCALE_CAMP_FLIGHT	TAXI_2865		
ALGETHAR_ACADEMY_DUNGEON	INSTANCE_ALGETHAR_ACADEMY	1201	
MORQUT_VILLAGE_FLIGHT	TAXI_2855		
GELIKYR_POST_FLIGHT	TAXI_2811		
THE_AZURE_VAULT_DUNGEON	INSTANCE_THE_AZURE_VAULT	1203	
FORBIDDEN_REACH_WAYGATE	FORBIDDEN_REACH_WAYGATE		
SKYTOP_OBSERVATORY_FLIGHT	TAXI_2817		
WAKING_SHORES_DOCK	DOCK_WAKING_SHORES		
APEX_OBSERVATORY_FLIGHT	TAXI_2801		
LOAMM_FLIGHT	TAXI_2863		
SHIFTING_SANDS_FLIGHT	TAXI_2816		
RHONINS_SHIELD_FLIGHT	TAXI_2786		
VALDRAKKEN_BADLANDS_PORTAL	PORTAL_VALDRAKKEN_BADLANDS		
BELANAAR	BELANAAR		
THREEFALLS_LOOKOUT_FLIGHT	TAXI_2789		
AZURE_SPAN_MOLE	AZURE_SPAN_MOLE		
WINGREST_EMBASSY_FLIGHT	TAXI_2805		
VAULT_OF_THE_INCARNATES_RAID	INSTANCE_VAULT_OF_THE_INCARNATES	1200	
DRAGONSCALE_BASECAMP_FLIGHT	TAXI_2809		
OBSIDIAN_REST_FLIGHT	TAXI_2864		
VALDRAKKEN	VALDRAKKEN		
BELAMETH_FLIGHT	TAXI_2915		
CAMP_ANTONIDAS_FLIGHT	TAXI_2774		
ABERRUS_THE_SHADOWED_CRUCIBLE_RAID	INSTANCE_ABERRUS_THE_SHADOWED_CRUCIBLE	1208	
NELTHARUS_DUNGEON	INSTANCE_NELTHARUS	1199	
TEERAKAI_FLIGHT	TAXI_2794		
HALLS_OF_INFUSION_DUNGEON	INSTANCE_HALLS_OF_INFUSION	1204	
OBSIDIAN_THRONE_FLIGHT	TAXI_2802		
ALGETHERA_FLIGHT	TAXI_2813		
BRACKENHIDE_HOLLOW_DUNGEON	INSTANCE_BRACKENHIDE_HOLLOW	1196	
TEMPORAL_CONFLUX_FLIGHT	TAXI_2812		
GARDEN_SHRINE_FLIGHT	TAXI_2815		
VEILED_OSSUARY_FLIGHT	TAXI_2814		
ISKAARA_FLIGHT	TAXI_2775		
VAULT_OF_THE_INCARNATES_FLIGHT	TAXI_2818		
SHADY_SANCTUARY_FLIGHT	TAXI_2796		
THE_WAKING_SHORES_MOLE	THE_WAKING_SHORES_MOLE		
CAMP_NOWHERE_FLIGHT	TAXI_2784		
RUBY_LIFE_POOLS_FLIGHT	TAXI_2807		
THERONS_WATCH_FLIGHT	TAXI_2788		
COBALT_ASSEMBLY_FLIGHT	TAXI_2787		
EMBERWATCH_FLIGHT	TAXI_2797		
MARUUKAI_FLIGHT	TAXI_2792		
UKTULUT_OUTPOST_FLIGHT	TAXI_2800		
VERDANT_LANDING_FLIGHT	TAXI_2903		
AMIRDRASSIL	AMIRDRASSIL		
AMIRDRASSIL_THE_DREAMS_HOPE_RAID	INSTANCE_AMIRDRASSIL_THE_DREAMS_HOPE	1207	
WELLSPRING_OVERLOOK_FLIGHT	TAXI_2905		
CENTRAL_ENCAMPMENT_FLIGHT	TAXI_2902		
EYE_OF_YSERA_FLIGHT	TAXI_2904		
FREYWOLD_VILLAGE_FLIGHT	TAXI_2929		
WEAVERS_LAIR_FLIGHT	TAXI_2882		
THE_DAWNBREAKER_DUNGEON	INSTANCE_THE_DAWNBREAKER	1270	
LIGHTS_REDOUBT_FLIGHT	TAXI_2924		
TRANQUIL_STRAND_FLIGHT	TAXI_2970		
DORNOGAL_DELVE_HALL	DORNOGAL_DELVE_HALL		
DUNELLES_KINDNESS_FLIGHT	TAXI_2922		
DORNOGAL_PORTAL_ROOM	DORNOGAL_PORTAL_ROOM		
THE_AEGIS_WALL_FLIGHT	TAXI_2950		
GUTTERVILLE_FLIGHT	TAXI_3000		
CAMP_MURROCH_FLIGHT	TAXI_2926		
DORNOGAL_KARESH_PORTAL	PORTAL_DORNOGAL_KARESH		
HILLHELM_FAMILY_FARM_FLIGHT	TAXI_2944		
PRIORY_OF_THE_SACRED_FLAME_FLIGHT	TAXI_2942		
MERELDAR_FLIGHT	TAXI_2941		
WILDCAMP_ULAR_FLIGHT	TAXI_2919		
SHADOWVEIN_POINT_FLIGHT	TAXI_2963		
DORNOGAL_UNDERMINE_PORTAL	PORTAL_DORNOGAL_UNDERMINE		
DORNOGAL_AZJKAHET_PORTAL	PORTAL_DORNOGAL_AZJKAHET		
CITY_OF_THREADS_DUNGEON	INSTANCE_CITY_OF_THREADS	1274	
LORELS_CROSSING_FLIGHT	TAXI_2943		
THE_STONEVAULT_DUNGEON	INSTANCE_THE_STONEVAULT	1269	
DORNOGAL_FLIGHT	TAXI_2928		
LIGHTSPARK_FLIGHT	TAXI_2923		
PRIORY_OF_THE_SACRED_FLAME_DUNGEON	INSTANCE_PRIORY_OF_THE_SACRED_FLAME	1267	
CINDERBREW_MEADERY_DUNGEON	INSTANCE_CINDERBREW_MEADERY	1272	
ARA_KARA_CITY_OF_ECHOES_DUNGEON	INSTANCE_ARA_KARA_CITY_OF_ECHOES	1271	
OPPORTUNITY_POINT_FLIGHT	TAXI_2925		
WILDCAMP_ORLAY_FLIGHT	TAXI_2889		
THE_ROOKERY_DUNGEON	INSTANCE_THE_ROOKERY	1268	
OPERATION_FLOODGATE_DUNGEON	INSTANCE_OPERATION_FLOODGATE	1298	
NERUBAR_PALACE_RAID	INSTANCE_NERUBAR_PALACE	1273	
DARKFLAME_CLEFT_DUNGEON	INSTANCE_DARKFLAME_CLEFT	1210	
GUNDARGAZ_FLIGHT	TAXI_2962		
GUTTERVILLE_ROCKET	GUTTERVILLE_ROCKET		
MMARL_FLIGHT	TAXI_2921		
DURGAZ_CABIN_FLIGHT	TAXI_2931		
THE_BURROWS_FLIGHT	TAXI_2893		
FAERINS_ADVANCE_FLIGHT	TAXI_2920		
RAMBLESHIRE_FLIGHT	TAXI_2932		
AZJKAHET	AZJKAHET		
THE_GALLAGIO_FLIGHT	TAXI_2999		
THE_HEAPS_FLIGHT	TAXI_2996		
LIBERATION_OF_UNDERMINE_RAID	INSTANCE_LIBERATION_OF_UNDERMINE	1296	
UNDERMINE	UNDERMINE		
UNDERMINE_ROCKET_LAUNCH	UNDERMINE_ROCKET_LAUNCH		
DEMOLITION_DOME_FLIGHT	TAXI_2998		
SLAM_CENTRAL_STATION_FLIGHT	TAXI_2997		
THE_INCONTINENTAL_HOTEL_FLIGHT	TAXI_2988		
TERRACE_OF_THE_COLLECTORS_FLIGHT	TAXI_2680		
HEROS_REST_FLIGHT	TAXI_2529		
BASTION_POCKET_PORTAL	PORTAL_BASTION_POCKET		
BASTION_WORMHOLE	BASTION_WORMHOLE		
THE_NECROTIC_WAKE_DUNGEON	INSTANCE_THE_NECROTIC_WAKE	1182	
BASTION_MOLE	BASTION_MOLE		
ELYSIAN_HOLD_FLIGHT	TAXI_2528		
SPIRES_OF_ASCENSION_DUNGEON	INSTANCE_SPIRES_OF_ASCENSION	1186	
ASPIRANTS_REST_FLIGHT	TAXI_2519		
SAGEHAVEN_FLIGHT	TAXI_2520		
GLITTERFALL_BASIN_FLIGHT	TAXI_2584		
ARDENWEALD_WORMHOLE	ARDENWEALD_WORMHOLE		
TIRNA_VAAL_FLIGHT	TAXI_2585		
ARDENWEALD_POCKET_PORTAL	PORTAL_ARDENWEALD_POCKET		
ARDENWEALD_MOLE	ARDENWEALD_MOLE		
HIBERNAL_HOLLOW_FLIGHT	TAXI_2586		
ROOTHOME_FLIGHT	TAXI_2588		
CLAWS_EDGE_FLIGHT	TAXI_2589		
MISTS_OF_TIRNA_SCITHE_DUNGEON	INSTANCE_MISTS_OF_TIRNA_SCITHE	1184	
HEART_OF_THE_FOREST_FLIGHT	TAXI_2587		
REFUGEE_CAMP_FLIGHT	TAXI_2590		
DE_OTHER_SIDE_DUNGEON	INSTANCE_DE_OTHER_SIDE	1188	
VENARIS_REFUGE_FLIGHT	TAXI_2700		
KEEPERS_RESPITE_FLIGHT	TAXI_2698		
SANCTUM_OF_DOMINATION_RAID	INSTANCE_SANCTUM_OF_DOMINATION	1193	
THE_MAW	THE_MAW		
THE_MAW_WORMHOLE	THE_MAW_WORMHOLE		
KORTHIA_WORMHOLE	KORTHIA_WORMHOLE		
KORTHIA	KORTHIA		
ORIBOS_FLIGHT	TAXI_2395		
ORIBOS_WORMHOLE	ORIBOS_WORMHOLE		
ORIBOS	ORIBOS		
THE_SPEARHEAD_FLIGHT	TAXI_2558		
MALDRAXXUS_WORMHOLE	MALDRAXXUS_WORMHOLE		
THEATER_OF_PAIN_FLIGHT	TAXI_2564		
PLAGUE_WATCH_FLIGHT	TAXI_2569		
BLEAK_REDOUBT_FLIGHT	TAXI_2398		
THEATER_OF_PAIN_DUNGEON	INSTANCE_THEATER_OF_PAIN	1187	
PLAGUEFALL_DUNGEON	INSTANCE_PLAGUEFALL	1183	
RENOUNCED_BASTILLE_FLIGHT	TAXI_2561		
KERES_REST_FLIGHT	TAXI_2560		
MALDRAXXUS_MOLE	MALDRAXXUS_MOLE		
SPIDERS_WATCH_FLIGHT	TAXI_2559		
MALDRAXXUS_POCKET_PORTAL	PORTAL_MALDRAXXUS_POCKET		
PILGRIMS_GRACE_FLIGHT	TAXI_2728		
ZERETH_MORTIS	ZERETH_MORTIS		
SEPULCHER_OVERLOOK_FLIGHT	TAXI_2736		
ANTECEDENT_ISLE_FLIGHT	TAXI_2734		
SEPULCHER_OF_THE_FIRST_ONES_FLIGHT	TAXI_2737		
FAITHS_REPOSE_FLIGHT	TAXI_2725		
ZOVAALS_GRASP_FLIGHT	TAXI_2733		
SEPULCHER_OF_THE_FIRST_ONES_RAID	INSTANCE_SEPULCHER_OF_THE_FIRST_ONES	1195	
HAVEN_FLIGHT	TAXI_2724		
CASTLE_NATHRIA_RAID	INSTANCE_CASTLE_NATHRIA	1190	
SANGUINE_DEPTHS_DUNGEON	INSTANCE_SANGUINE_DEPTHS	1189	
HALLS_OF_ATONEMENT_DUNGEON	INSTANCE_HALLS_OF_ATONEMENT	1185	
REVENDRETH_WORMHOLE	REVENDRETH_WORMHOLE		
SINFALL_FLIGHT	TAXI_2548		
WANECRYPT_HILL_FLIGHT	TAXI_2518		
HALLS_OF_ATONEMENT_FLIGHT	TAXI_2512		
REVENDRETH_MOLE	REVENDRETH_MOLE		
REVENDRETH_POCKET_PORTAL	PORTAL_REVENDRETH_POCKET		
SANCTUARY_OF_THE_MAD_FLIGHT	TAXI_2511		
DARKHAVEN_FLIGHT	TAXI_2488		
CHARRED_RAMPARTS_FLIGHT	TAXI_2537		
DOMINANCE_KEEP_FLIGHT	TAXI_2515		
PRIDEFALL_HAMLET_FLIGHT	TAXI_2514		
MENAGERIE_OF_THE_MASTER_FLIGHT	TAXI_2517		
OLD_GATE_FLIGHT	TAXI_2513		
ORIBOS_TRANSFERENCE_PAD	ORIBOS_TRANSFERENCE_PAD		
ORIBOS_TRANSFERENCE_RING	ORIBOS_TRANSFERENCE_RING		
REDFIELDS_WATCH_FLIGHT	TAXI_2161		
VEILED_GROTTO_FLIGHT	TAXI_2157		
THE_MOTHERLODE_DUNGEON_ALLIANCE	INSTANCE_THE_MOTHERLODE_ALLIANCE	1012	Alliance
DAZARALOR_PORTAL_ROOM	DAZARALOR_PORTAL_ROOM		
VULPERA_HIDEAWAY_FLIGHT	TAXI_2117		
ZOBAL_RUINS_FLIGHT	TAXI_1954		
ATALGRAL_FLIGHT	TAXI_2066		
TUSK_ISLE_FLIGHT	TAXI_2165		
THE_SLIVER_FLIGHT	TAXI_2061		
THE_GREAT_SEAL_FLIGHT	TAXI_1959		
DEADWOOD_COVE_FLIGHT	TAXI_2114		
TEMPLE_OF_AKUNDA_FLIGHT	TAXI_2118		
ZULJAN_FLIGHT	TAXI_1953		
SANCTUARY_OF_THE_DEVOTED_FLIGHT	TAXI_2119		
DAZARALOR_DOCK	DOCK_DAZARALOR		
BATTLE_OF_DAZARALOR_RAID_HORDE	INSTANCE_BATTLE_OF_DAZARALOR_HORDE	1176	Horde
MUGAMBA_OVERLOOK_FLIGHT	TAXI_2148		
FORLORN_RUINS_FLIGHT	TAXI_1956		
SHATTERSTONE_HARBOR_DOCK	DOCK_SHATTERSTONE_HARBOR		
ISLE_OF_FANGS_FLIGHT	TAXI_2164		
WARPORT_RASTARI_FLIGHT	TAXI_2009		
FORT_VICTORY_FLIGHT	TAXI_2078		
THE_MOTHERLODE_DUNGEON_HORDE	INSTANCE_THE_MOTHERLODE_HORDE	1012	Horde
SEEKERS_OUTPOST_FLIGHT	TAXI_2075		
VULTURES_NEST_FLIGHT	TAXI_2112		
TEMPLE_OF_SETHRALISS_DUNGEON	INSTANCE_TEMPLE_OF_SETHRALISS	1030	
TORTAKA_REFUGE_FLIGHT	TAXI_2120		
GRIMWATTS_CRASH_FLIGHT	TAXI_2080		
ATALDAZAR_DUNGEON	INSTANCE_ATALDAZAR	968	
XIBALA_FLIGHT_ALLIANCE	TAXI_2012		
DAZARALOR_PET	DAZARALOR_PET		
GLOOM_HOLLOW_FLIGHT	TAXI_1955		
NESINGWARYS_GAMELAND_FLIGHT	TAXI_1965		
CASTAWAY_ENCAMPMENT_FLIGHT	TAXI_2147		
VORRIKS_SANCTUM_FLIGHT	TAXI_2111		
GARDEN_OF_THE_LOA_FLIGHT	TAXI_2045		
XIBALA_DOCK	DOCK_XIBALA		
ATALDAZAR_FLIGHT	TAXI_2046		
ULDIR_RAID	INSTANCE_ULDIR	1031	
PORT_OF_ZANDALAR_FLIGHT	TAXI_1957		
FORT_VICTORY_DOCK	DOCK_FORT_VICTORY		
WARBEAST_KRAAL_FLIGHT	TAXI_1966		
ZEBAHARI_FLIGHT	TAXI_1975		
SCALETRADER_POST_FLIGHT	TAXI_2126		
VERDANT_HOLLOW_FLIGHT	TAXI_2145		
NAZMIR_MOLE	NAZMIR_MOLE		
SCORCHED_SANDS_OUTPOST_FLIGHT	TAXI_2143		
KINGS_REST_DUNGEON	INSTANCE_KINGS_REST	1041	
XIBALA_FLIGHT_HORDE	TAXI_1974		
KAJACOAST_ROCKET	KAJACOAST_ROCKET		
THE_MUGAMBALA_FLIGHT	TAXI_2381		
MISTVINE_LEDGE_FLIGHT	TAXI_2153		
ZULDAZAR_MOLE	ZULDAZAR_MOLE		
THE_UNDERROT_DUNGEON	INSTANCE_THE_UNDERROT	1022	
DESTINY_POINT_FLIGHT	TAXI_1976		
KROKUL_HOVEL_FLIGHT	TAXI_1928		
VINDICAAR_KROKUUN_FLIGHT	TAXI_1944		
SHATTERED_FIELDS_FLIGHT	TAXI_1967		
SHADOWGUARD_INCURSION_FLIGHT	TAXI_1981		
TRIUMVIRATES_END_FLIGHT	TAXI_1982		
PROPHETS_REFLECTION_FLIGHT	TAXI_1991		
CONSERVATORY_OF_THE_ARCANE_FLIGHT	TAXI_1978		
SEAT_OF_THE_TRIUMVIRATE_DUNGEON	INSTANCE_SEAT_OF_THE_TRIUMVIRATE	945	
VINDICAAR_EREDATH_FLIGHT	TAXI_1977		
CITY_CENTER_FLIGHT	TAXI_2003		
VINDICAAR_ARGUS	VINDICAAR_ARGUS		
ANTORUS_THE_BURNING_THRONE_RAID	INSTANCE_ANTORUS_THE_BURNING_THRONE	946	
VINDICAAR_ANTORAN_WASTES_FLIGHT	TAXI_1994		
HOPES_LANDING_FLIGHT	TAXI_1988		
THE_VEILED_DEN_FLIGHT	TAXI_1993		
TRANQUILLIEN_BC_FLIGHT	TAXI_83		
ZULAMAN_FLIGHT	TAXI_205		
SILVERMOON	SILVERMOON		
FALCONWING_SQUARE_FLIGHT	TAXI_631		
ZULAMAN_DUNGEON	INSTANCE_ZULAMAN	77	
TOL_DAGOR_FLIGHT_ALLIANCE	TAXI_2096		
TOL_DAGOR_DUNGEON	INSTANCE_TOL_DAGOR	1002	
TOL_DAGOR_FLIGHT_HORDE	TAXI_2276		
PROSPECTUS_BAY_FLIGHT	TAXI_2441		
OVERSPARK_EXPEDITION_CAMP_FLIGHT	TAXI_2442		
MECHAGON	MECHAGON		
OPERATION_MECHAGON_DUNGEON	INSTANCE_OPERATION_MECHAGON	1178	
FLETCHERS_HOLLOW_FLIGHT	TAXI_2035		
STONETUSK_WATCH_FLIGHT	TAXI_2091		
STORMSONG_VALLEY_MOLE	STORMSONG_VALLEY_MOLE		
TORTOLLAN_BASE_CAMP	TORTOLLAN_BASE_CAMP		
AROMS_STAND_FLIGHT	TAXI_2106		
BORALUS_PET	BORALUS_PET		
MUDFISHER_COVE_FLIGHT	TAXI_2275		
HILLCREST_PASTURE_FLIGHT	TAXI_2090		
TIMBERFELL_OUTPOST_FLIGHT	TAXI_2067		
MARINERS_ROW_FLIGHT	TAXI_2278		
TIRAGARDE_SOUND_MOLE	TIRAGARDE_SOUND_MOLE		
BARBTHORN_RIDGE_FLIGHT	TAXI_2037		
WAYCREST_MANOR_DUNGEON	INSTANCE_WAYCREST_MANOR	1021	
WOLFS_DEN_FLIGHT	TAXI_2062		
MILLSTONE_HAMLET_FLIGHT	TAXI_2137		
FALCONHURST_FLIGHT	TAXI_2108		
HANGMANS_POINT_FLIGHT	TAXI_2034		
THE_AMBER_WAVES_FLIGHT	TAXI_2101		
SIEGE_OF_BORALUS_DUNGEON_HORDE	INSTANCE_SIEGE_OF_BORALUS_HORDE	1023	Horde
FORT_DAELIN_FLIGHT	TAXI_2138		
BATTLE_OF_DAZARALOR_RAID_ALLIANCE	INSTANCE_BATTLE_OF_DAZARALOR_ALLIANCE	1176	Alliance
SIEGE_OF_BORALUS_DUNGEON_ALLIANCE	INSTANCE_SIEGE_OF_BORALUS_ALLIANCE	1023	Alliance
FREEHOLD_DUNGEON	INSTANCE_FREEHOLD	1001	
SHRINE_OF_THE_STORM_FLIGHT_HORDE	TAXI_2095		
BORALUS	BORALUS		
BRENNADAM_FLIGHT	TAXI_2086		
BORALUS_DOCK	DOCK_BORALUS		
WHITEGROVE_CHAPEL_FLIGHT	TAXI_2109		
CASTAWAY_POINT_FLIGHT	TAXI_2077		
DIRETUSK_HOLLOW_FLIGHT	TAXI_2092		
SWIFTWIND_POST_FLIGHT	TAXI_2274		
PLUNDER_HARBOR_DOCK	DOCK_PLUNDER_HARBOR		
PLUNDER_HARBOR_FLIGHT	TAXI_2140		
KENNINGS_LODGE_FLIGHT	TAXI_2079		
STONEFIST_WATCH_FLIGHT	TAXI_2279		
VIGIL_HILL_FLIGHT	TAXI_2042		
MILDENHALL_MEADERY_FLIGHT	TAXI_2088		
FREEHOLD_FLIGHT	TAXI_2023		
OUTRIGGER_POST_FLIGHT	TAXI_2087		
NORWINGTON_ESTATE_FLIGHT	TAXI_2084		
WARFANG_HOLD_DOCK	DOCK_WARFANG_HOLD		
TRADEWINDS_MARKET_FLIGHT	TAXI_2083		
WANING_GLACIER_FLIGHT	TAXI_2273		
SHRINE_OF_THE_STORM_FLIGHT_ALLIANCE	TAXI_2133		
PROUDMOORE_KEEP_FLIGHT	TAXI_2277		
WINDFALL_CAVERN_FLIGHT	TAXI_2139		
TIDECROSS_FLIGHT	TAXI_2085		
ANYPORT_FLIGHT	TAXI_2127		
WARFANG_HOLD_FLIGHT	TAXI_2094		
BRIDGEPORT_FLIGHT	TAXI_2074		
ROUGHNECK_CAMP_FLIGHT	TAXI_2102		
WATCHMANS_RISE_FLIGHT	TAXI_2107		
SEEKERS_VISTA_FLIGHT	TAXI_2089		
DEADWASH_FLIGHT	TAXI_2097		
SHRINE_OF_THE_STORM_DUNGEON	INSTANCE_SHRINE_OF_THE_STORM	1036	
KRAZZLEFRAZZ_OUTPOST_FLIGHT	TAXI_2135		
HATHERFORD_FLIGHT	TAXI_2060		
ANYPORT_DOCK	DOCK_ANYPORT		
CRUCIBLE_OF_STORMS_RAID	INSTANCE_CRUCIBLE_OF_STORMS	1177	
FALLHAVEN_FLIGHT	TAXI_2033		
IRONMAUL_OVERLOOK_FLIGHT	TAXI_2093		
VINDICAAR_AZEROTH	VINDICAAR_AZEROTH		
SUNWELL_PLATEAU_RAID	INSTANCE_SUNWELL_PLATEAU	752	
QUELDANAS	QUELDANAS		
MAGISTERS_TERRACE_BC_DUNGEON	INSTANCE_MAGISTERS_TERRACE_BC	249	
SHATTERED_SUN_STAGING_AREA_FLIGHT	TAXI_213		
HUOJIN_LANDING_FLIGHT	TAXI_1294		
GRIM_CAMPFIRE_PANDARIA	GRIM_CAMPFIRE_PANDARIA		
TIMELESS_ISLE	TIMELESS_ISLE		
TUSHUI_LANDING_FLIGHT	TAXI_1293		
ARCANTINA_EXIT	ARCANTINA_EXIT		
ARCANTINA_ENTRANCE	ARCANTINA_ENTRANCE		
DARKMOON_ENTRANCE	DARKMOON_ENTRANCE		
DARKMOON_DOCK_EXIT	DARKMOON_DOCK_EXIT		
HARANDAR_EVERSONG_PORTAL	PORTAL_HARANDAR_EVERSONG		
HARANDAR_SILVERMOON_PORTAL	PORTAL_HARANDAR_SILVERMOON		
HARATHIR_FLIGHT	TAXI_3192		
HARALNOR_FLIGHT	TAXI_3195		
HARANDAR_VOIDSTORM_PORTAL	PORTAL_HARANDAR_VOIDSTORM		
HARMARA_FLIGHT	TAXI_3196		
THE_DREAMRIFT_RAID	INSTANCE_THE_DREAMRIFT	1314	
THE_DEN_FLIGHT	TAXI_3193		
LOAKNIT_DEN_ZUL_AMAN	LOAKNIT_DEN_ZUL_AMAN		
THE_BLINDING_VALE_DUNGEON	INSTANCE_THE_BLINDING_VALE	1309	
HARKUAI_FLIGHT	TAXI_3194		
HOSAAS_REST_FLIGHT	TAXI_3035		
KARESH	KARESH		
THE_OASIS_FLIGHT	TAXI_3031		
ECODOME_RHOVAN_FLIGHT	TAXI_3030		
OVERLOOK_ZO_SHUUL_FLIGHT	TAXI_3034		
MANAFORGE_OMEGA_RAID	INSTANCE_MANAFORGE_OMEGA	1302	
TAZAVESH_FLIGHT	TAXI_3029		
ECO_DOME_ALDANI_DUNGEON	INSTANCE_ECO_DOME_ALDANI	1303	
TAZAVESH_THE_VEILED_MARKET_DUNGEON	INSTANCE_TAZAVESH_THE_VEILED_MARKET	1194	
SHADOW_POINT_FLIGHT	TAXI_3033		
SHANDORAH_FLIGHT	TAXI_3032		
BOZZLES_WRECK_FLIGHT	TAXI_1222		
BEEBLES_WRECK_FLIGHT	TAXI_1221		
VOIDSTORM_HARANDAR_PORTAL	PORTAL_VOIDSTORM_HARANDAR		
THE_INGRESS_FLIGHT	TAXI_3119		
VOIDSCAR_ARENA_DUNGEON	INSTANCE_VOIDSCAR_ARENA	1313	
HOWLING_RIDGE_FLIGHT	TAXI_3121		
MASTERS_PERCH_FLIGHT	TAXI_3123		
NEXUS_POINT_XENAS_DUNGEON	INSTANCE_NEXUS_POINT_XENAS	1316	
VOIDSTORM_SILVERMOON_PORTAL	PORTAL_VOIDSTORM_SILVERMOON		
VOIDSTORM_INGRESS_PORTAL	PORTAL_VOIDSTORM_INGRESS		
VOIDSPIRE_RAID	INSTANCE_VOIDSPIRE	1307	
LOCUS_POINT_FLIGHT	TAXI_3120		
ORISES_VIGIL_FLIGHT	TAXI_2406		
ASHEN_STRAND_FLIGHT_HORDE	TAXI_2411		
WRECK_OF_THE_HUNGRY_RIVERBEAST_FLIGHT	TAXI_2412		
NEWHOME_FLIGHT	TAXI_2404		
ZINAZSHARI_FLIGHT	TAXI_2405		
ASHEN_STRAND_FLIGHT_ALLIANCE	TAXI_2410		
EKKAS_HIDEAWAY_FLIGHT	TAXI_2437		
KELYAS_GRAVE_FLIGHT	TAXI_2403		
WRECK_OF_THE_OLD_BLANCHY_FLIGHT	TAXI_2409		
NAZJATAR_ALLIANCE	NAZJATAR_ALLIANCE		
MEZZAMERE_FLIGHT	TAXI_2408		
THE_ETERNAL_PALACE_RAID	INSTANCE_THE_ETERNAL_PALACE	1179	
THE_TIDAL_CONFLUX_FLIGHT_ALLIANCE	TAXI_2483		
THE_TIDAL_CONFLUX_FLIGHT_HORDE	TAXI_2482		
UTAMAS_STAND_FLIGHT	TAXI_2407		
NAZJATAR_HORDE	NAZJATAR_HORDE		
SHADOWFORGE_CITY_MOLE	SHADOWFORGE_CITY_MOLE		
INSTANCE_1305	INSTANCE_SPOREFALL	1305	
