295	Innkeeper Farley	Innkeeper	12	37		43.8,65.8	11101	1,-1
1156	Vyrin Swiftwind	Innkeeper	38	48		81.8,64.5	11101	1,-1
1247	Innkeeper Belm	Innkeeper	1	27		54.4,50.8	11101	1,
1464	Innkeeper Helbrek	Innkeeper	11	56		10.6,60.8	11101	1,
2388	Innkeeper Shay	Innkeeper	267	25		57.8,47.2	11101	-1,1
2808	Vikki Lonsav	Innkeeper	45	14		40.0,49.0	11101	1,-1
3628	Steven Lohan	Innkeeper	1519	84		51.5,93.5	11101	1,-1
3934	Innkeeper Boorand Plainswind	Innkeeper	17	10		49.5,57.9	11101	-1,1
5111	Innkeeper Firebrew	Innkeeper	1537	87		18.5,51.5	11101	1,
5688	Innkeeper Renee	Innkeeper	85	18		60.8,51.5	11101	-1,1
5814	Innkeeper Thulbek	Innkeeper	33	50		37.2,51.8	11101	-1,1
6272	Innkeeper Janene	Innkeeper	15	70		66.4,45.4	11101	1,
6727	Innkeeper Brianna	Innkeeper	44	49		26.3,41.5	11101	1,1
6734	Innkeeper Hearthstove	Innkeeper	38	48		35.5,48.6	11101	1,-1
6735	Innkeeper Saelienne	Innkeeper	1657	89		62.5,32.8	11101	1,
6736	Innkeeper Keldamyr	Innkeeper	141	57		55.4,52.2	11101	1,-1
6738	Innkeeper Kimlya	Innkeeper	331	63		37.0,49.2	11101	1,-1
6739	Innkeeper Bates	Innkeeper	130	21		46.4,42.6	11101	-1,1
6740	Innkeeper Allison	Innkeeper	1519	84		60.5,75.1	11101	1,-1
6741	Innkeeper Norman	Innkeeper	1497	90		67.6,38.2	11101	-1,1
6746	Innkeeper Pala	Innkeeper	1638	88		45.6,63.8	11101	,1
6747	Innkeeper Kauth	Innkeeper	215	7		46.8,60.4	11101	-1,1
6778	Melika Isenstrider	Assistant Innkeeper	12	37		43.5,66.0	11101	1,-1
6790	Innkeeper Trelayne	Innkeeper	10	47		73.9,44.5	11101	1,-1
6791	Innkeeper Wiley	Innkeeper	17	10		67.2,74.5	11101	1,1
6806	Tannok Frosthammer	Innkeeper Assistant	1	27		54.3,50.5	11101	1,
6807	Innkeeper Skindle	Innkeeper	5287	210		40.8,73.8	11101	1,1
6928	Innkeeper Grosk	Innkeeper	14	1		51.5,41.6	11101	-1,1
6929	Innkeeper Gryshka	Innkeeper	1637	85		53.5,78.8	11101	-1,1
6930	Innkeeper Karakul	Innkeeper	8	51		46.8,56.6	11101	-1,1
7731	Innkeeper Jayka	Innkeeper	406	65		50.4,63.8	11101	-1,1
7733	Innkeeper Fizzgrimble	Innkeeper	440	71		52.5,27.0	11101	1,1
7737	Innkeeper Greul	Innkeeper	357	69		74.8,45.0	11101	-1,1
7744	Innkeeper Thulfram	Innkeeper	47	26		14.0,44.6	11101	1,-1
8931	Innkeeper Heather	Innkeeper	40	52		52.8,53.5	11101	1,-1
9356	Innkeeper Shul'kar	Innkeeper	3	15		18.4,42.8	11101	-1,1
9501	Innkeeper Adegwa	Innkeeper	45	14		68.9,33.5	11101	-1,1
11103	Innkeeper Lyshaerya	Innkeeper	405	66		66.2,6.6	11101	1,-1
11106	Innkeeper Sikewa	Innkeeper	405	66		24.0,68.2	11101	,1
11118	Innkeeper Vizzie	Innkeeper	618	83		59.8,51.2	11101	1,1
12196	Innkeeper Kaylisk	Innkeeper	331	63		74.0,60.6	11101	-1,1
14731	Lard	Innkeeper	47	26		78.2,81.2	11101	-1,1
15174	Calandrath	Innkeeper	1377	81		55.5,36.6	11101	1,1
15397	Marniel Amberlight	Innkeeper	3430	94		43.6,71.2	11201	,1
15433	Innkeeper Delaniel	Innkeeper	3430	94		48.0,47.6	11201	,1
16256	Jessica Chambers	Innkeeper	139		0	75.5,52.5	11101	1,1
16256	Jessica Chambers	Innkeeper	139		20	43.5,89.4	11101	1,1
16542	Innkeeper Kalarin	Innkeeper	3433	95		48.8,32.4	20200	-1,1
16553	Caregiver Chellan	Innkeeper	3524	97		48.4,49.2	20200	1,
16602	Floyd Pinkus	Innkeeper	3483	100		56.6,37.5	20200	-1,1
16618	Innkeeper Velandra	Innkeeper	3487	110		79.5,58.1	20200	-1,1
16739	Caregiver Breel	Innkeeper	3557	103		59.5,19.4	20200	1,
16826	Sid Limbardi	Innkeeper	3483	100		54.2,63.5	20200	1,-1
17553	Caregiver Topher Loaal	Innkeeper	3525	106		55.6,59.6	20200	1,
17630	Innkeeper Jovia	Innkeeper	3487	110		67.6,73.2	20200	-1,1
18245	Merajit	Innkeeper	3521	102		30.6,50.8	20200	,1
18251	Caregiver Abidaar	Innkeeper	3521	102		67.2,49.0	20200	1,-1
18905	Innkeeper Bazil Olof'tazun	Innkeeper	3483	100		26.8,59.5	20200	-1,1
18906	Caregiver Ophera Windfury	Innkeeper	3483	100		23.4,36.5	20200	1,-1
18907	Innkeeper Coryth Stoktron	Innkeeper	3521	102		78.5,63.0	20200	1,1
18908	Innkeeper Kerp	Innkeeper	3521	102		41.8,26.2	20200	1,
18913	Matron Tikkit	Innkeeper	3518	107		56.6,34.5	20200	-1,1
18914	Caregiver Isel	Innkeeper	3518	107		54.2,76.0	20200	1,
18957	Innkeeper Grilka	Innkeeper	3519	108		48.8,45.0	20200	-1,1
19046	Minalei	Innkeeper	3703	111		27.9,49.1	20200	1,1
19232	Innkeeper Haelthol	Innkeeper	3703	111		56.1,81.7	20200	1,1
19296	Innkeeper Biribi	Innkeeper	3519	108		56.6,53.2	20200	1,-1
19319	Innkeeper Darg Bloodclaw	Innkeeper	3520	104		30.2,27.8	20200	,1
19352	Dreg Cloudsweeper	Innkeeper	3520	104		37.0,58.2	20200	1,
19470	Gholah	Innkeeper	3522	105		53.2,55.4	20200	,1
19495	Innkeeper Shaunessy	Innkeeper	3522	105		35.8,63.8	20200	1,
19531	Eyonix	Innkeeper	3523	109		43.4,36.0	20200	1,1
19571	Innkeeper Remi Dodoso	Innkeeper	3523	109		32.0,64.4	20200	1,1
21088	Matron Varah	Innkeeper	3522	105		13.6,86.8	20200	,1
21110	Fizit "Doc" Clocktock	Innkeeper	3522	105		60.8,68.2	20200	1,
21744	Roldemar	Innkeeper	3520	104		56.2,59.8	20200	1,1
21746	Caretaker Aluuro	Innkeeper	3520	104		61.0,28.2	20200	1,1
22922	Innkeeper Aelerya	Innkeeper	3522	105		62.8,38.2	20200	1,1
23143	Horus	Innkeeper	3520	104		66.2,87.0	20200	1,1
23731	Innkeeper Hazel Lagras	Innkeeper	495	117		58.4,62.5	30001	1,
23937	Innkeeper Celeste Goodhutch	Innkeeper	495	117		30.8,41.5	30001	1,
23995	Axle	Innkeeper	15	70		41.8,74.0	20300	1,1
24033	Bori Wintertotem	Innkeeper	495	117		49.4,10.8	30001	,1
24057	Christina Daniels	Innkeeper	495	117		60.5,15.8	30001	1,
24149	Basil Osgood	Innkeeper	495	117		52.2,66.5	30001	-1,1
24208	"Little" Logok	Innkeeper	15	70		36.8,32.4	20300	,1
24342	Timothy Holland	Innkeeper	495	117		79.6,30.8	30001	,1
25036	Caregiver Inaara	Innkeeper	4080	122		51.1,33.6	20400	1,1
25245	James Deacon	Innkeeper	3537	114		58.2,68.0	30001	1,
25278	Williamson	Innkeeper	3537	114		41.8,54.5	30001	-1,1
26375	Quartermaster McCarty	Innkeeper	394	116		59.5,26.3	30001	1,-1
26596	"Charlie" Northtop	Innkeeper	3537	114		57.0,18.6	30001	1,
26680	Aiyan Coldwind	Innkeeper	394	116		65.4,47.0	30001	,1
26709	Pahu Frosthoof	Innkeeper	3537	114		76.2,37.2	30001	-1,1
26985	Barracks Master Harga	Innkeeper	65	115		38.3,46.3	30001	,1
27027	Mrs. Winterby	Innkeeper	65	115		76.8,63.0	30001	,1
27042	Illusia Lune	Innkeeper	65	115		77.4,51.5	30001	1,
27052	Naohain	Innkeeper	65	115		28.8,56.0	30001	1,-1
27066	Jennifer Bell	Innkeeper	394	116		32.0,60.2	30001	1,
27069	Matron Magah	Innkeeper	3537	114		49.6,10.0	30001	,1
27125	Barracks Master Rhekku	Innkeeper	394	116		20.8,64.5	30001	,1
27148	Caregiver Iqniq	Innkeeper	495	117		25.4,59.8	30001	1,1
27174	Caregiver Mumik	Innkeeper	65	115		48.2,74.6	30001	1,1
27187	Caregiver Poallu	Innkeeper	3537	114		78.4,49.2	30001	1,1
27950	Demestrasz	Innkeeper	65	115		59.8,54.2	30001	1,1
28038	Purser Boulian	Innkeeper	3711	119		26.8,59.2	30001	1,1
28686	Caliel Brightwillow	Assistant Innkeeper	4395		1	40.2,69.8	30001	1,-1
28686	Caliel Brightwillow	Assistant Innkeeper	6611		1	39.9,70.2	30001	1,-1
28687	Amisi Azuregaze	Innkeeper	4395		1	50.0,39.1	30001	1,1
28791	Marissa Everwatch	Innkeeper	66	121		40.8,66.2	30001	1,1
29532	Ajay Green	Innkeeper	4395		2	35.8,56.4	30001	1,1
29532	Ajay Green	Innkeeper	6611		0	26.6,40.8	30001	1,1
29532	Ajay Green	Innkeeper	6611		2	35.6,56.5	30001	1,1
29583	Pan'ya	Innkeeper	66	121		59.2,57.2	30001	1,1
29904	Smilin' Slirk Brassknob	Innkeeper	67	120		9.6,46.4	30002	1,1
29926	Gunda Boldhammer	Innkeeper	67	120		28.6,74.4	30002	1,-1
29944	Peon Gakra	Innkeeper & Supplies	67	120		37.0,49.5	30002	-1,1
29963	Magorn	Innkeeper	67	120		30.8,37.2	30002	1,1
29971	Wabada Whiteflower	Innkeeper	67	120		67.5,50.5	30002	-1,1
30005	Lodge-Matron Embla	Innkeeper	67	120		48.8,65.0	30002	1,1
30308	Initiate Brenners	Innkeeper	210	118		44.0,22.2	30002	1,1
31557	Uda the Beast	Innkeeper	4395		1	65.3,32.4	30002	-1,1
31557	Uda the Beast	Innkeeper	6611		0	34.2,33.8	30002	-1,1
31557	Uda the Beast	Innkeeper	6611		1	64.9,32.5	30002	-1,1
32411	Afsaneh Asrar	Assistant Innkeeper	4395		1	49.6,40.0	30002	1,1
32411	Afsaneh Asrar	Assistant Innkeeper	6611		1	49.5,40.2	30002	1,1
32413	Isirami Fairwind	Innkeeper	4395		1	44.5,62.2	30002	1,-1
32413	Isirami Fairwind	Innkeeper	6611		1	44.6,62.5	30002	1,-1
32418	Abohba	Assistant Innkeeper	4395		1	69.7,34.2	30002	-1,1
33970	Caris Sunlance	Innkeeper	210	118		76.2,19.5	30100	1,
33971	Jarin Dawnglow	Innkeeper	210	118		76.0,24.0	30100	,1
36496	Grimy Greasefingers	Innkeeper	4720	174		28.0,75.8	40003	,1
36501	Grimy Greasefingers	Innkeeper	4720	174		36.0,67.4	40003	,1
38488	Innkeeper Dreedle	Marshal Expeditions	490	78		55.1,62.4	40003	1,1
38510	Grimy Greasefingers	Innkeeper	4720	174		39.6,27.8	40003	,1
38714	Carmen Ibanozzle	Innkeeper	440	71		55.6,60.8	40003	1,1
38791	Willa Arnes	Innkeeper	4714			36.9,65.5	40003	1,
38791	Willa Arnes	Innkeeper	4755	202		36.8,65.6	40003	1,
38792	Willa Arnes	Innkeeper	4714			60.0,91.6	40003	1,
38792	Willa Arnes	Innkeeper	4755	202		60.0,91.6	40003	1,
40467	Adene Treetotem	Innkeeper	357	69		41.4,15.6	40003	-1,1
40832	Daisy	Innkeeper	400	64		76.5,74.7	40003	1,1
40843	Sebelia	Innkeeper	616	198		63.0,24.0	40003	1,1
40898	Alithia Fallowmere	Innkeeper	406	65		59.0,56.4	40003	1,-1
40968	Andoril	Innkeeper	357	69		51.0,17.8	40003	1,-1
41286	Lyanath	Innkeeper	406	65		71.0,79.0	40003	1,-1
41491	Valos Shadowrest	Innkeeper	406	65		39.5,32.8	40003	1,-1
41618	Erunak Stonespeaker	The Earthen Ring	4815	201		38.8,31.5	40003	,1
41892	Felonius Stark	Innkeeper	406	65		66.4,64.2	40003	-1,1
42473	Grimy Greasefingers	Innkeeper	4720	174		45.0,65.4	40003	,1
42873	Anissa Matherly	Innkeeper	5144	205		49.5,57.4	40003	1,-1
42908	Zun'ja	Innkeeper	5144	205		51.5,62.5	40003	-1,1
42963	Barracks Officer Milson	Innkeeper	5145	204		54.6,72.2	40003	1,-1
43141	Innkeeper Nerius	Innkeeper	5145	204		51.2,60.5	40003	-1,1
43378	Salirn Moonbear	Innkeeper	616	198		18.6,37.2	40001	1,1
43420	Innkeeper Kyteran	Innkeeper	148	62		51.0,18.5	40001	1,-1
43487	Isara Riverstride	Innkeeper	616	198		42.6,45.5	40003	1,1
43606	Innkeeper Duras	Innkeeper	331	63		13.0,34.0	40003	,1
43624	Innkeeper Linkasa	Innkeeper	331	63		38.6,42.2	40003	-1,1
43633	Innkeeper Chin'toka	Innkeeper	331	63		50.4,67.0	40003	-1,1
43699	Innkeeper Keirnan	Innkeeper	47	26		66.2,44.4	40003	1,
43739	Bitsy	Innkeeper	47	26		31.8,58.0	40003	-1,1
43771	Mixi	Innkeeper	16	76		57.0,50.5	40001	,1
43872	Innkeeper Dessina	Innkeeper	405	66		56.8,50.0	40003	1,1
43945	Innkeeper Kritzle	Innkeeper	17	10		62.5,16.6	40003	-1,1
43946	Innkeeper Kerntis	Innkeeper	17	10		56.2,40.0	40003	-1,1
43993	Innkeeper Larisal	Innkeeper	11	56		58.0,39.2	40003	1,-1
44006	Innkeeper Daughny	Innkeeper	11	56		25.6,25.8	40003	1,
44019	Livingston Marshal	Innkeeper	33	50		53.2,66.8	40003	1,-1
44177	Innkeeper Bernice	Innkeeper	406	65		31.5,60.5	40003	1,-1
44190	Innkeeper Draxle	Innkeeper	5287	210		35.0,27.4	40003	-1,1
44219	Logistics Officer Renaldo	Innkeeper	4709	199		39.0,11.0	40003	1,-1
44235	Thaegra Tillstone	Innkeeper	1519	84		64.7,32.3	40001	1,
44237	Maegan Tillman	Innkeeper	1519	84		75.5,54.1	40001	1,
44267	Logistics Officer Salista	Innkeeper	4709	199		49.0,68.5	40003	1,-1
44268	Keep Watcher Kerry	Innkeeper	4709	199		65.5,46.5	40001	1,-1
44270	Innkeeper Hurnahet	Innkeeper	4709	199		39.2,20.0	40003	,1
44276	Innkeeper Lhakadd	Innkeeper	4709	199		40.8,69.2	40003	-1,1
44309	Innkeeper Grak	Innkeeper	4	17		40.5,11.5	40003	-1,1
44325	Mama Morton	Innkeeper	4	17		60.6,14.0	40003	1,-1
44334	Donna Berrymore	Innkeeper	4	17		44.5,87.5	40003	1,-1
44376	Chonk	Innkeeper	357	69		51.8,47.5	40003	-1,1
44391	Innkeeper Shyria	Innkeeper	357	69		46.0,45.2	40003	1,-1
44785	Miwana	Innkeeper	1637	85		39.1,48.5	40001	-1,1
45086	Sijambi	Innkeeper	1637	85		32.6,65.1	40003	,1
45272	Innkeeper Abeqwa	Innkeeper	400	64		46.0,51.2	40003	-1,1
45300	Caretaker Nuunwa	Innkeeper	5042	207		49.4,52.1	40001	1,1
45496	Commander Hickley	Innkeeper	130	21		44.4,20.5	40003	,1
45563	Tinza Silvermug	Innkeeper	1637	85		40.1,80.5	40001	,1
46269	Mother Matterly	Innkeeper	28	22		43.4,84.5	40003	1,
46271	Provisioner Elda	Innkeeper	85	18		26.4,59.2	40003	-1,1
46642	Innkeeper Nufa	Innkeeper	1637	85		70.6,49.1	40001	-1,1
47334	Cap'n Geech	Innkeeper	8	51		71.6,13.8	40001	1,1
47367	Verad	Innkeeper	8	51		29.0,32.5	40003	1,-1
47857	Roman Garner	Innkeeper	28	22		48.2,63.8	40003	-1,1
47931	Denmother Ulrica	Innkeeper	361	77		61.8,26.6	40001	1,-1
47942	Velma Rockslide	Innkeeper	51	32		39.5,66.3	40001	1,1
48054	Sally Gearwell	Innkeeper	3	15		65.8,35.5	40003	1,1
48093	Ivan Zypher	Innkeeper	3	15		20.6,56.2	40003	1,-1
48215	Innkeeper Wylaria	Innkeeper	361	77		44.8,29.0	40003	1,1
48599	Innkeeper Teenycaugh	Innkeeper	361	77		44.0,61.8	40003	1,1
48735	Gwen Armstead	Innkeeper	1657	89		48.4,14.8	40003	1,-1
48886	Kazemde	Innkeeper	5034	249		54.6,32.8	40001	1,1
49394	Innkeeper Hershberg	Innkeeper	267	25		35.8,61.2	40001	-1,1
49406	Yasmin	Innkeeper	5034	249		26.6,7.2	40001	1,1
49430	Innkeeper Durgens	Innkeeper	267	25		59.7,64.4	40003	-1,1
49498	Innkeeper Lutz	Innkeeper	4922	241		75.8,52.6	40003	-1,1
49528	Arcane Guest Registry		5034	249		22.0,64.5	40001	1,1
49574	Vaughn Blusterbeard	Innkeeper	4922	241		54.5,18.0	40003	1,-1
49591	Naveen Tendernose	Innkeeper	4922	241		49.5,30.4	40001	1,-1
49599	Ben Mora	Innkeeper	4922	241		43.6,57.2	40003	1,-1
49686	Innkeeper Teresa	Innkeeper	4922	241		79.0,77.6	40001	1,
49688	Innkeeper Francis	Innkeeper	4922	241		79.5,78.5	40001	1,
49747	Innkeeper Krum	Innkeeper	4922	241		45.0,76.6	40003	-1,1
49762	Innkeeper Turk	Innkeeper	4922	241		53.2,42.8	40003	-1,1
49783	Innkeeper Geno	Innkeeper	4922	241		75.4,16.5	40003	-1,1
49795	Innkeeper Corlin	Innkeeper	4922	241		60.4,58.0	40003	1,-1
49882	Grimy Greasefingers	Innkeeper	16	76		57.0,50.2	40001	,1
50068	Isara Riverstride	Innkeeper	616	198		42.6,45.5	40001	1,1
53779	Salirn Moonbear	Innkeeper	616	198		18.6,37.2	40200	1,1
55233	Lin Windfur	Innkeeper	5785	371		45.6,43.8	50001	1,1
55809	Peiji Goldendraft	Brewmaster	5785	371		45.8,43.6	50001	1,1
57313	Fela Woodear	Innkeeper	5785	371		54.6,63.2	50001	1,1
57619	Cheng Dawnscrive	Temple Scholar	5736			51.7,46.3	50001	,
58184	Malaya Dawnchaser	Innkeeper	6134	418		60.8,24.8	50001	-1,1
58691	Bartender Tomro	Innkeeper	5840	390		35.3,77.5	50001	1,1
59405	Li Goldendraft	Innkeeper	5841	379		64.2,61.2	50001	1,1
59582	Innkeeper Lei Lan		5805	376		55.1,50.5	50001	1,1
59688	Chiyo Mistpaw	Innkeeper	5841	379		57.4,60.0	50001	1,1
60420	Clover Keeper	Innkeeper	5841	379		42.6,69.6	50001	1,1
60605	Liu Ze	Innkeeper	5841	379		62.4,28.8	50001	1,1
61350	Graceful Swan	Innkeeper	6209			56.1,57.2	50001	1,1
61599	Cheerful Jessu	Innkeeper	5785	371		59.5,83.2	50001	1,-1
61651	Master Lao		5841	379		66.8,51.0	50001	1,1
62322	Graceful Swan	Innkeeper	5785	371		48.2,34.8	50001	1,1
62867	Bolo the Elder	Innkeeper and Kegkeeper	5785	371		41.6,23.2	50001	1,1
62868	Lana the Sea Breeze	Innkeeper	5785	371		55.8,24.4	50001	1,1
62869	Ni the Merciful	Innkeeper	6134	418		40.8,34.5	50001	1,1
62871	Puli the Even Handed	Innkeeper	5841	379		72.6,92.2	50001	1,1
62872	Cranfur the Noodler	Innkeeper	6134	418		51.5,77.2	50001	1,1
62873	Saito the Sleeping Shadow	Innkeeper	5842	388		71.0,57.8	50001	1,1
62874	Kali the Night Watcher	Innkeeper	5842	388		48.8,70.8	50001	1,1
62875	Kim the Quiet	Innkeeper	5842	388		75.8,82.8	50001	1,1
62877	Stained Mug	Innkeeper	5841	379		44.5,90.2	50001	1,1
62878	Nan the Mason Mug	Innkeeper	5805	376		19.8,55.8	50001	1,1
62879	Rude Sho	Innkeeper	6134	418		75.8,7.2	50001	1,1
62882	Kai the Restless	Innkeeper	5841	379		54.0,82.8	50001	1,-1
62883	Mai the Sleepy	Innkeeper	5841	379		62.6,80.5	50001	-1,1
62917	Tong the Fixer	Innkeeper	6006	433		54.8,72.7	50001	1,1
62967	Aizra Dawnchaser	Innkeeper	6134	418		28.2,50.6	50001	-1,1
62996	Madam Vee Luo	Innkeeper	5840		1	69.2,48.0	50001	,1
62996	Madam Vee Luo	Innkeeper	6141		1	69.2,49.3	50001	,1
62996	Madam Vee Luo	Innkeeper	9105	1530		63.0,12.0	50001	,1
63008	Brewmaster Skye	Innkeeper	5840		2	60.6,74.5	50001	-1,1
63008	Brewmaster Skye	Innkeeper	6141		2	60.2,74.9	50001	-1,1
63016	San the Sea Calmer	Innkeeper	6138	422		55.2,71.0	50001	1,1
63815	Puli the Even Handed	Innkeeper	6426			46.5,68.9	50001	1,1
64149	Matron Vi Vinh	Innkeeper	5840		0	86.8,69.0	50001	1,-1
64149	Matron Vi Vinh	Innkeeper	5840		3	35.8,66.6	50001	1,-1
64149	Matron Vi Vinh	Innkeeper	6142		3	35.7,66.6	50001	1,-1
64149	Matron Vi Vinh	Innkeeper	9105	1530		87.4,66.9	50001	1,-1
64821	Tong the Fixer	Innkeeper	6006	433		54.5,72.5	50003	1,1
65046	Lao Ma Liang	Innkeeper	5736			49.0,58.4	50001	,
65220	Zit'tix	Innkeeper	6138	422		55.8,32.2	50001	1,1
65528	Nan Thunderfoot	Innkeeper	5805	376		83.5,20.2	50001	1,1
65535	Liu Ze	Innkeeper	5841	379		66.4,33.0	50001	1,1
65907	Jiayi Applebloom	Innkeeper	5785	371		44.8,84.4	50003	1,
65976	Bartender Tomro	Innkeeper	5841	379		56.0,91.5	50001	1,1
66236	Brewmother Kiki	Innkeeper	5785	371		28.5,13.2	50003	,1
67668	Uda the Beast	Innkeeper	6507	504		33.5,32.6	50200	-1,1
67775	Tonak	Innkeeper	6134	418		9.8,49.6	50100	-1,1
68711	Uda the Beast	Innkeeper	4395		1	69.9,34.1	50100	,1
68711	Uda the Beast	Innkeeper	6611		1	69.7,34.3	50100	,1
68926	Tong the Fixer	Innkeeper	6006	433		54.5,72.5	50100	1,1
68927	Tong the Fixer	Innkeeper	6006	433		54.5,72.5	50100	1,1
69088	Keeper Jaril	Innkeeper	6134	418		88.8,35.2	50100	1,-1
70182	Isirami Fairwind	Innkeeper	6507	504		64.6,72.4	50200	1,-1
72382	Dorg	Innkeeper	6720	525		40.6,51.6	60001	,1
72488	Innkeeper Gryshka	Innkeeper	6738		4	55.5,67.5	50400	-1,1
73346	Tong the Fixer	Innkeeper	6006	433		54.5,72.5	50400	1,1
73622	Graceful Swan	Innkeeper	6757	554		36.5,46.8	50400	1,1
75430	Caregiver Uluura	Innkeeper	6662	535		77.2,57.4	60001	1,1
76746	Der'shway	Innkeeper	6720		0	27.0,36.4	60001	-1,1
76746	Der'shway	Innkeeper	6720		1	42.5,44.5	60001	-1,1
77028	Wagtan	Innkeeper	6662	535		61.8,10.8	60001	,1
77460	Humble Sak'ko	Innkeeper	6720	525		20.8,56.5	60001	,1
77468	Havi the Sullied	Innkeeper	6720		0	29.9,38.5	60001	-1,1
77468	Havi the Sullied	Innkeeper	6720		2	69.0,62.0	60001	-1,1
78672	Provisioner Lambala	Innkeeper	6720	525		52.2,39.8	60001	,1
78769	Innkeeper Chall	Innkeeper	6720	525		32.0,10.0	60001	,1
78952	Coriander	Innkeeper	6719	539		46.6,40.8	60001	1,
79758	Caregiver Felaani	Innkeeper	6755	550		68.4,67.0	60001	1,
80006	Caregiver Felaani	Innkeeper	6755	550		63.6,62.4	60001	1,
80151	Provisioner Rashma	Innkeeper	7004			41.7,52.5	60001	,1
80931	May Tirta	Innkeeper	6662	535		85.2,31.8	60001	1,1
81249	Amma Stouthearth	Innkeeper	6755	550		62.2,40.0	60001	1,-1
81358	Olivia Abbington	Innkeeper	6662	535		69.6,21.8	60001	1,
81359	Paoni Softhoof	Innkeeper	6662	535		72.0,30.0	60001	,1
82110	Alice Finn	Innkeeper	6722	542		37.6,51.0	60001	1,-1
82124	Alice Finn	Innkeeper	6722	542		37.6,51.0	60001	1,-1
82126	Alice Finn	Innkeeper	6722	542		37.5,50.8	60001	1,-1
82330	Alice Finn	Innkeeper	6722	542		36.8,57.0	60001	1,-1
82341	Mrs. Winterby	Innkeeper	6755	550		48.5,47.2	60001	,1
82345	Elathriel Sunstriker	Innkeeper	6755	550		82.6,45.4	60001	-1,1
82516	Corbix Chaching	Innkeeper	6722	542		61.6,73.4	60001	1,1
82770	Melphaar	Innkeeper	6719	539		56.8,57.4	60001	1,
82775	Nethene	Innkeeper	6719	539		60.0,27.2	60001	1,
82776	Deedree	Innkeeper	7078			32.6,33.4	60001	1,
84134	Elria Willowfall		6722	542		40.0,61.4	60001	1,
84213	Taz'jari		6722	542		40.4,43.0	60001	,1
84237	Keepers	Innkeeper	6721	543		46.0,54.6	60001	1,1
85830	Aeden Summersky	Innkeeper	6721	543		40.0,36.4	60001	1,1
85956	Jaesia Rosecheer	Innkeeper	7332			35.5,77.4	60001	1,
85967	Licefeaster	Innkeeper	6721	543		46.0,69.8	60001	-1,1
85968	Trader Yula	Innkeeper	6721	543		53.2,59.8	60001	1,
86307	Narnin Dawnglow	Innkeeper	7333			44.7,43.5	60001	,1
86316	Barda	Innkeeper	6662	535		50.8,44.5	60001	1,1
86386	Kuro'ak	Innkeeper	6722	542		46.5,44.0	60001	1,1
86994	Deadmeat	Innkeeper	6721	543		60.6,22.4	60001	-1,1
89639	Belath Dawnblade	Innkeeper	7334	630		43.0,42.5	70003	1,1
90971	Shima Islebreeze	Innkeeper	6723	534		58.5,60.2	60200	1,-1
90989	Retho Quillmane	Innkeeper	6723	534		61.4,46.0	60200	,1
91457	Gentle Rosh	Bodyguard & Den Keeper	7334	630		56.5,59.5	70003	1,1
92001	Sasha Morningdew	Innkeeper	7558	641		48.4,81.8	70003	1,1
92684	Alistair Thornton	Innkeeper	7558	641		42.6,59.5	70003	1,1
93460	Feonir Cloudthistle	Innkeeper	7558	641		56.0,73.5	70003	1,1
94099	Greta Stonebrow	Innkeeper	7503	650		40.0,52.5	70003	1,1
95118	Faeolas Nightwhisper	Innkeeper	7558	641		69.5,49.5	70003	1,1
95889	Commander Lorna Crowley	Gilneas Brigade	7541	634		33.6,50.8	70003	0,-1
96789	Caliel Brightwillow	Assistant Innkeeper	7502		10	39.2,71.2	70003	1,-1
96790	Isirami Fairwind	Innkeeper	7502		10	43.7,63.7	70003	1,-1
96796	Uda the Beast	Innkeeper	7502		10	65.0,32.5	70003	-1,1
96799	Abohba	Assistant Innkeeper	7502		10	67.5,34.8	70003	-1,1
96806	Amisi Azuregaze	Innkeeper	7502		10	49.5,39.5	70003	1,1
96807	Afsaneh Asrar	Assistant Innkeeper	7502		10	48.2,41.4	70003	1,1
97140	First Arcanist Thalyssra		7637	680		36.7,46.5	70003	0,0
97786	Harum Grayfeather	Innkeeper	7503	650		53.0,44.8	70003	1,1
97852	Ernu Mesawind	Innkeeper	7731			44.5,53.6	70003	1,1
98106	Elliot Theodric	Innkeeper	7541	634		54.0,72.2	70003	,1
98112	Steward Dayton	Innkeeper	7541	634		71.6,60.5	70003	1,-1
98945	Lao Shu	Innkeeper	7902			49.0,58.4	70003	1,1
99207	Margul	Innkeeper	7503		0	43.5,23.9	70003	1,1
99207	Margul	Innkeeper	7503		31	34.0,63.7	70003	1,1
100011	Tannok Frosthammer	Innkeeper Assistant	1	27		54.6,50.8	70003	1,
100012	Innkeeper Belm	Innkeeper	1	27		54.4,50.8	70003	1,
100746	Folla Sternhoof	Innkeeper	7503	650		59.8,80.2	70003	1,1
103796	Riala the Hearthwatcher	Innkeeper	7541	634		60.5,50.2	70003	1,1
104802	Innkeeper Boorand Plainswind	Innkeeper	17	10		49.5,57.8	70003	1,1
105437	Amisi Azuregaze	Innkeeper	7502		10	48.6,38.6	70003	,
105438	Afsaneh Asrar	Assistant Innkeeper	7502		10	49.1,40.6	70003	,
106940	Innkeeper Fizzgrimble	Innkeeper	440	71		52.6,27.0	70003	1,1
107865	Innkeeper Trelayne	Innkeeper	10	47		73.6,43.5	70003	1,-1
108158	Innkeeper Allison	Innkeeper	1519	84		61.5,71.1	70003	0,0
108554	Burnedhoof the Retired	Innkeeper	7503	650		54.6,84.8	70003	1,1
108557	Kola Watermane	Innkeeper	7503	650		38.2,68.4	70003	1,1
108559	Chaff Prepfoot	Innkeeper & Provisioner	7503	650		57.4,27.6	70003	1,1
109304	Khardon Timberdawn	Innkeeper	7558	641		58.2,84.8	70003	1,1
109372	Nalysse Dawnsorrow	The Royal Chamberlain	7334	630		47.2,41.2	70003	1,1
110583	Innkeeper Heather	Innkeeper	40	52		52.8,53.5	70003	1,
110815	Folla Sternhoof	Innkeeper	7503	650		59.8,80.2	70003	,
112837	Innkeeper Shay	Innkeeper	267	25		58.0,47.2	70003	1,1
112864	Gerdes the Drowsy	Innkeeper	7558	641		44.1,82.5	70003	1,1
113515	Maribeth	Innkeeper	7637	680		37.4,45.8	70003	1,1
114677	Patri Burkhorn	Innkeeper	7503	650		58.6,65.2	70003	1,1
115002	Maribeth	Innkeeper	7637	680		25.8,88.5	70100	1,1
115349	Amalia Jones	Innkeeper	7543	646		41.0,58.8	70200	1,1
115376	Maribeth	Innkeeper	7637	680		24.8,88.8	70100	1,1
118750	Alistair Thornton	Innkeeper	7558	641		42.5,59.2	70200	1,1
120840	Ximo the Callous	Innkeeper	8670	1165		52.4,85.0	80001	-1,1
121651	Taz'la the Vulgar	Innkeeper	8499	862		59.8,22.2	80001	-1,1
121840	Crazy Vaza	Innkeeper	8500	863		38.5,78.5	80001	,1
122690	Brillin the Beauty	Innkeeper	8670	1165		48.8,71.0	80001	-1,1
122690	Brillin the Beauty	Innkeeper	9598			48.7,70.8	80001	-1,1
123062	Jes'tri	Innkeeper	8499	862		66.5,42.4	80001	-1,1
123395	High Priestess Ishanah	Innkeeper	8574		0	62.5,90.8	70300	1,1
123395	High Priestess Ishanah	Innkeeper	8574		1	49.9,74.4	70300	1,1
123395	High Priestess Ishanah	Innkeeper	8701		0	51.6,91.8	70300	1,1
123395	High Priestess Ishanah	Innkeeper	8701		3	49.1,68.2	70300	1,1
123395	High Priestess Ishanah	Innkeeper	8899		0	78.8,37.2	70300	1,1
123395	High Priestess Ishanah	Innkeeper	8899		5	63.4,54.5	70300	1,1
123395	High Priestess Ishanah	Innkeeper	8899		6	63.3,55.2	70300	1,1
124108	Hagashi	Innkeeper	8501	864		56.8,49.8	80001	1,1
124458	Alitha Duskwing	Innkeeper	8499	862		44.5,71.8	80001	-1,1
126330	Rakle the Wretched	Innkeeper	8670	1165		34.8,11.5	80001	,1
127431	Akunda the Bountiful	Innkeeper	8501	864		52.0,89.8	80001	1,1
128042	Jannis Waverunner	Innkeeper	8499	862		40.6,70.5	80001	1,-1
128233	Friendly Pete	Innkeeper	8567	895		85.2,80.4	80001	1,1
128335	Ziaeja	Innkeeper	8501	864		52.0,89.8	80001	,1
128693	Issik	Innkeeper	8501	864		26.8,52.2	80001	1,1
128701	Ru'ka	Innkeeper	8500	863		40.8,43.5	80001	,1
129159	Egert Tominson	Innkeeper	8567	895		42.0,22.8	80001	1,
129354	Rhan'ka	Innkeeper	8501	864		43.4,60.2	80001	,1
129556	Gluk-Gluk	Innkeeper	8499	862		57.4,58.4	80001	1,1
129679	Shani Ward	Innkeeper	1519	84		50.0,15.5	70305	1,
129992	Dinah Wellard	Innkeeper	8721	896		55.4,34.2	80001	1,-1
130374	Dinah Wellard	Innkeeper	8721	896		55.3,34.5	80001	1,
130968	Innkeeper Norman	Innkeeper	1497	90		67.8,38.0	80001	,1
131988	Korkush	Innkeeper	8500	863		67.6,41.8	80001	1,1
132657	Atynar	Innkeeper	9415			26.2,24.2	70305	1,1
133030	Tanubu	Innkeeper	8670	1165		52.5,17.0	80001	-1,1
133214	Dandy Jones	Innkeeper	8567	895		66.2,24.2	80001	1,
133695	Maribeth	Innkeeper	7637	680		59.2,84.8	70305	,1
134646	Innkeeper Kimlya	Innkeeper	331	63		36.8,49.4	80001	,-1
134969	Tess Tomalin	Innkeeper	9042	942		43.2,54.2	80001	1,
135082	Priestess Islara	Innkeeper	8500	863		62.0,40.8	80001	1,-1
135153	Wesley Rockhold	Innkeeper	8568	1161		73.9,12.5	80001	1,-1
135655	Mozesha	Innkeeper	8501	864		43.0,76.4	80001	1,1
135993	Glaston	Innkeeper	8499	862		44.2,36.5	80001	1,-1
136057	Eryssa Riversong	Innkeeper	8499	862		44.8,27.5	80001	1,
136079	Falloughue the Hospitable	Innkeeper	8499	862		55.0,25.6	80001	1,-1
136138	Fixi Slyshiv	Innkeeper	8721	896		21.4,43.6	80001	0,0
136371	Rakle the Wretched	Innkeeper	8499	862		53.0,32.8	80001	,1
136437	Heather Morgan	Innkeeper	8567	895		75.6,64.5	80001	1,-1
136459	Terry Rigglesmith	Innkeeper	8567	895		53.2,28.2	80001	1,
136465	Tom Fishbury	Innkeeper	8567	895		35.2,24.2	80001	1,-1
136468	Lidia Plank	Innkeeper	8567	895		75.8,50.5	80001	1,-1
136479	Jill McHoonigan	Innkeeper	8567	895		77.2,84.0	80001	1,-1
136480	Owen Northwood	Innkeeper	8721	896		37.4,48.5	80001	1,-1
136482	Gordon Fine	Innkeeper	8567	895		57.8,62.0	80001	1,-1
136655	Alisha Darkwater	Innkeeper	8721	896		26.6,72.5	80001	1,
137319	Caregiver Mila	Innkeeper	8501	864		36.8,35.2	80001	1,-1
137331	Shado	Innkeeper	8499	862		51.2,51.2	80001	-1,1
137624	Oliva	Innkeeper	8499	862		77.2,55.6	80001	1,-1
137668	Okada	Innkeeper	9042	942		40.8,37.0	80001	1,1
138020	Groggil	Innkeeper	8721	896		37.6,25.4	80001	,1
138096	Sanya Wraithschilde	Innkeeper	9042	942		50.8,33.5	80001	,1
138210	Staff Sergeant Cotner	Innkeeper	9042	942		34.8,47.2	80001	1,-1
138221	"Nasty" Buck	Innkeeper	9042	942		58.6,70.4	80001	1,-1
138290	Innkeeper Petrai	Innkeeper	8567	895		87.2,50.0	80001	-1,1
138488	Corka	Innkeeper	8499	862		71.4,29.0	80001	1,1
138917	Tuka	Innkeeper	8501	864		61.5,20.5	80001	1,1
139567	Joon Cloudgazer	Innkeeper	8567	895		62.4,13.8	80001	,1
140103	Corgon Gumsprocket	Innkeeper	8499	862		64.5,47.2	80001	1,
140565	Kez'rasda Gravespirit	Innkeeper	8567	895		53.4,63.2	80001	-1,1
140782	Tala Rockwind	Innkeeper	8721	896		66.2,59.5	80001	-1,1
140960	Yuwija	Innkeeper	8721	896		62.0,16.6	80001	-1,1
141084	Mahku	Innkeeper	9042	942		60.3,25.3	80001	,1
141205	Erdi Bloodtooth	Innkeeper	9042	942		54.0,47.2	80001	,1
141304	Gahla Grimfang	Innkeeper	9042	942		54.0,78.6	80001	-1,1
141600	Benedict Kells	Innkeeper	9042	942		39.4,68.5	80001	,1
141732	Vikki Lonsav	Innkeeper	45	14		40.5,48.0	80001	1,-1
142426	Lema Strongstout	Innkeeper	8500	863		34.0,63.4	80001	1,-1
142561	Jessamine Blakemore	Innkeeper	8501	864		53.6,37.8	80001	1,-1
142634	Sister Alison	Innkeeper	9042	942		65.4,48.2	80001	1,-1
143328	Carol Netley	Innkeeper	9042	942		31.5,67.2	80001	1,
143442	Krekthi	Innkeeper	148	62		45.0,87.0	80001	,1
143884	Priestess Emirrin	Innkeeper	8500	863		51.4,21.5	80001	1,-1
144129	Plugger Spazzring		1584			50.2,32.6	80001	1,
144139	Innkeeper Adegwa	Innkeeper	45	14		69.5,32.5	80001	,1
144438	Nathanial Cumberbatch	Innkeeper	8567	895		72.0,52.4	80001	,1
147555	Jes'tri	Innkeeper	8499	862		66.5,42.3	80100	-1,
147683	Owen Northwood	Innkeeper	8721	896		37.4,48.8	80100	,-1
147731	Lidia Plank	Innkeeper	8567	895		75.8,50.5	80100	,-1
148158	Shimi the Slick	Innkeeper	8499	862		53.2,57.0	80100	-1,1
150628	Smiles Cracklekey	Innkeeper	10290	1462		71.2,35.8	80200	1,1
151618	Asme Seapearl	Innkeeper	10052	1355		50.8,65.2	80200	,1
155940	Enizo	Innkeeper	10052	1355		37.8,55.5	80200	1,-1
156220	Soultrapper Valistra	Innkeeper	10413	1525		47.4,70.5	90001	1,1
156290	Tremen Winefang	Innkeeper	10413	1525		62.0,64.4	90001	1,1
156688	Host Ta'rela	Innkeeper	10565		1	67.2,50.4	90001	1,1
158986	Absolooshun	Innkeeper	10413	1525		72.2,39.8	90001	1,1
160173	Inkiep	Innkeeper	10534	1533		53.2,46.8	90001	1,1
160292	Kewarin	Innkeeper	12858		1	54.1,55.7	90001	1,1
160601	Caretaker Mirene	Innkeeper	10534	1533		48.0,73.0	90001	1,1
161092	Kazemde	Innkeeper	12766			55.5,32.5	80300	1,1
161678	Mama Tomalin	Innkeeper	11462	1536		55.2,68.6	90001	1,1
161702	Slumbar Valorum	Innkeeper	11462	1536		50.8,53.0	90001	1,1
161994	Tapani Nightwish	Innkeeper	12876			47.6,30.4	90001	1,1
162445	Taiba	Innkeeper	11510	1565		60.5,53.8	90001	1,1
162446	Nolon	Innkeeper	11510	1565		62.6,35.4	90001	1,1
162938	Kazemde	Innkeeper	10833	1527		54.6,32.8	80300	1,1
163252	Yasmin	Innkeeper	10833	1527		26.6,7.2	80300	1,1
163738	Shelynn	Innkeeper	11510	1565		50.6,33.8	90001	1,1
164722	Sanna	Innkeeper	11510	1565		64.6,19.4	90001	1,1
166070	Roller	Innkeeper	10413	1525		71.4,80.2	90001	1,1
166089	Delia	Innkeeper	10413	1525		31.2,46.6	90001	1,1
166137	Tavian	Innkeeper	10986			65.0,31.9	90001	1,1
167031	Caris Sunlance	Innkeeper	210	118		76.2,19.5	90001	1,
167079	Jarin Dawnglow	Innkeeper	210	118		76.0,24.0	90001	,1
167754	Ima	Innkeeper	10413	1525		60.2,39.8	90001	1,1
167815	Mims	Innkeeper	10413	1525		40.8,46.6	90001	1,1
168032	Flwngyrr	Innkeeper	11510	1565		48.4,50.5	90001	1,1
168758	Caretaker Mirene	Innkeeper	10534	1533		57.8,29.6	90001	,1
168779	Inkiep	Innkeeper	10534	1533		58.2,29.6	90001	,
168952	Odew Testan	Innkeeper	11462	1536		39.5,55.2	90001	1,1
169149	Nolon	Innkeeper	11510	1565		62.6,35.5	90001	1,1
169698	Kere Kinblade	Innkeeper	11462	1536		54.2,30.6	90001	1,1
171015	Flitterbit	Innkeeper	11510	1565		36.8,37.0	90001	1,1
171162	Angwyrdmn	Innkeeper	11510	1565		36.4,53.2	90001	1,1
172576	Caretaker Calisaphene	Innkeeper	10534	1533		43.0,32.6	90001	1,1
174581	Caretaker Theo	Innkeeper	10534	1533		65.4,18.8	90001	1,1
174581	Caretaker Theo	Innkeeper	11012			48.1,58.5	90001	1,1
174582	Caretaker Caryn	Innkeeper	10534	1533		62.5,15.4	90001	1,1
174582	Caretaker Caryn	Innkeeper	11012			26.3,34.4	90001	1,1
174665	Mekkar the Silent	Innkeeper	11462	1536		67.6,44.8	90001	1,1
175621	Caretaker Kristina	Innkeeper	10534	1533		35.5,20.7	90002	1,1
177156	Caretaker Kah-Lind	Innkeeper	13570	1961		60.8,24.0	90100	1,1
177495	Shelynn	Innkeeper	13619			50.6,33.8	90100	1,1
178170	Night Guardian Vekraala	Innkeeper	10986			66.1,32.9	90100	1,1
180916	Anap	Innkeeper	13536	1970		34.8,64.0	90200	1,1
181084	Drim	Innkeeper	13536	1970		61.4,49.2	90200	1,1
184636	Hearthkeeper Nokhor	Innkeeper	13645	2023		85.0,26.0	100000	1,1
185562	Tithris	Innkeeper	13862	2112		47.4,46.5	100000	1,1
186012	Innkeeper Renee	Innkeeper	13983	2070		60.8,51.5	90205	,1
186013	Innkeeper Renee	Innkeeper	13983	2070		61.0,51.0	90205	1,1
186317	Tong the Fixer	Rest and Refreshment	13644	2022		43.0,66.5	100000	1,1
186446	Elder Nappa	Innkeeper	13646	2024		12.4,49.4	100000	1,1
186458	Zuligosa	Innkeeper	13647	2025		50.2,42.5	100000	1,1
186502	Sugarbough	Innkeeper	13645	2023		28.5,60.5	100000	1,1
186744	Tal'jin	Innkeeper	13646	2024		65.5,16.1	100000	1,1
186851	Mulsted Farpass	Innkeeper	13646	2024		62.8,57.8	100000	1,1
186952	Suma the Guised	Innkeeper	13647	2025		59.8,82.5	100000	1,1
187389	Sweelin	Innkeeper	13644	2022		58.0,67.5	100000	1,1
187399	Maribeth	Innkeeper	13644	2022		47.8,83.2	100000	1,1
187403	Sil'nori Crestshade	Innkeeper	13644	2022		80.4,27.8	100000	-1,1
187408	Granpap Whiskers	Innkeeper	13644	2022		47.6,83.2	100000	1,1
187412	Happy Hal	Innkeeper	13644	2022		81.2,31.8	100000	1,1
188284	Innkeeper Atipat	Innkeeper	13644	2022		53.8,39.2	100000	0,0
188351	Stabitha Sharptwist	Innkeeper	13644	2022		25.8,55.2	100000	1,1
188887	Bivogosa	Innkeeper	13647	2025		52.4,69.5	100000	1,1
189147	Arcanist Tysha	Innkeeper	13646	2024		46.8,40.2	100000	1,1
189400	Meliane Enorath	Innkeeper	13644	2022		65.2,58.0	100000	1,1
189460	Vel Tal IX		13646	2024		37.4,62.4	100000	1,1
189520	Suma the Guised	Innkeeper	13647	2025		58.6,82.5	100000	1,1
189541	Suma the Guised	Innkeeper	13647	2025		59.4,81.8	100000	1,1
190087	Fig Fireheart	Innkeeper	13645	2023		66.2,24.4	100000	1,1
190315	Willa Stronghinge	Innkeeper	13646	2024		18.8,24.4	100000	1,1
191025	Lifecaller Tzadrak		13644	2022		61.8,73.8	100000	1,1
191269	Hearthkeeper Berulan	Innkeeper	13645	2023		62.8,40.6	100000	1,1
191391	Jhara	Innkeeper	13645	2023		81.2,59.2	100000	1,1
191813	Hearthkeeper Khonor	Innkeeper	13645	2023		46.0,40.5	100000	1,1
192113	Mirojin	Innkeeper	13645	2023		57.1,76.5	100000	1,1
192785	Fusethrian	Rations & Hydration	13769	2118		43.5,60.6	100000	1,1
192878	Hearthkeeper Marag	Innkeeper	13645	2023		72.0,80.5	100000	1,1
193393	Ambassador Fastrasz	Innkeeper	13644	2022		76.2,35.5	100000	1,1
194432	Meehran Highlock	Innkeeper	13644	2022		76.0,54.6	100000	1,1
194781	Suma the Guised	Innkeeper	13992			64.5,39.5	100000	,
194788	Szaratheldra	Innkeeper	13647	2025		35.0,79.2	100000	1,1
194928	Hearthkeeper Erden	Innkeeper	13645	2023		62.2,35.8	100000	1,1
195104	Hearthkeeper Atahl	Innkeeper	13645	2023		41.8,60.5	100000	1,1
195395	Hearthkeeper Bayon	Innkeeper	13645	2023		59.5,38.8	100000	1,1
196161	Ilana	Innkeeper	13645	2023		85.8,35.2	100000	1,1
196640	Yzinia	Innkeeper	13862	2112		22.6,31.0	100000	1,1
197574	Mairadormi	Innkeeper	13862	2112		72.7,47.3	100000	1,1
197849	Innkeeper Notuk	Innkeeper	13644	2022		46.4,27.2	100000	0,0
198190	Aylveth	Innkeeper	13644	2022		24.4,82.2	100000	1,1
200560	Unpukiat	Innkeeper	14433	2151		33.8,59.0	100007	1,1
200892	Stabitha Sharptwist	Innkeeper	14022	2133		52.2,26.2	100100	1,1
203293	Floressa	Innkeeper	14022	2133		56.4,55.8	100100	1,1
206947	Willa Stronghinge	Innkeeper	14969			53.8,60.6	100200	,
206947	Willa Stronghinge	Innkeeper	15105	2239		53.8,60.5	100200	,
207476	Kex	Innkeeper	14752	2255		56.8,38.8	110000	0,0
207627	Saelienne	Innkeeper	14529	2200		49.8,61.6	100200	1,1
208286	Athera	Innkeeper	14529	2200		69.5,53.2	100200	1,1
209430	Rulfe Deepriver	Innkeeper	14529	2200		36.5,32.6	100200	1,1
210055	Irizi the Unwanted	Innkeeper	14753		1	57.0,39.5	110000	0,0
210817	Marinth	Innkeeper	13862	2112		47.4,46.5	100107	1,1
210940	Willa Arnes	Innkeeper	4706	217		60.0,91.6	100205	1,
211352	Taladan	Innkeeper	14529	2200		52.5,25.2	100200	1,1
211722	Mel Lynchen	Innkeeper	14752	2255		59.0,18.8	110000	1,1
212370	Ronesh	Innkeeper	14771	2339		44.8,46.5	110000	1,1
213840	Innkeeper Brax	Innkeeper	14795	2214		43.8,32.2	110000	1,1
214888	Saelienne	Innkeeper	14969			47.9,54.5	100200	,
214888	Saelienne	Innkeeper	15105	2239		48.0,54.4	100200	,
215520	Edothir	Innkeeper's Assistant	14771	2339		43.9,45.6	110000	1,1
216280	Saelienne	Innkeeper	15105	2239		48.2,54.0	100205	1,0
217167	Gwen Armstead	Innkeeper	4706	217		58.8,54.0	100205	1,
217440	Albetha	Innkeeper	14717	2248		41.8,74.2	110000	1,1
217611	Valrin Paller	Innkeeper	14838	2215		69.2,45.6	110000	1,1
217642	Nalina Ironsong	Innkeeper	14838	2215		42.8,55.8	110000	1,1
218390	Hearthkeeper Zirc	Innkeeper	14795	2214		57.6,46.2	110000	1,1
220760	Momma Nilla	Innkeeper	14752	2255		77.8,63.0	110000	1,1
221376	Rufas Helmglynn	Innkeeper	14838	2215		40.6,68.0	110000	1,1
221776	Jerma Lithpyke	Innkeeper	14838	2215		49.2,39.5	110000	1,1
222445	Amisi Azuregaze	Innkeeper	15177			51.7,56.7	110000	1,1
222475	Afsaneh Asrar	Assistant Innkeeper	15177			53.5,56.5	110000	1,1
223002	Afsaneh Asrar	Assistant Innkeeper	15177			33.5,71.6	110000	,
223003	Amisi Azuregaze	Innkeeper	15177			33.4,71.9	110000	1,1
223279	Collector Il'zril	Innkeeper	14753	2213		60.6,42.2	110000	0,0
223355	Cleo Clearmeadow	Innkeeper	14752	2255		44.8,66.5	110000	1,1
225018	Ferno	Innkeeper	14795	2214		54.8,64.0	110000	1,1
225067	Griz Finglebur	Innkeeper	14795	2214		59.2,78.8	110000	1,1
226215	Brewer Gurta	Innkeeper's Assistant	14795	2214		48.7,32.3	110000	1,1
226507	Golgoth	Innkeeper	14717	2248		58.4,27.4	110000	1,1
228092	Hawlins	Innkeeper	14795	2214		72.0,84.0	110100	1,1
228106	Byron Nailstew	Expedition Innkeeper	10416	2369		71.2,37.5	110007	1,1
228134	Iv'javal	Innkeeper	14753	2213		49.7,21.7	110000	0,0
228390	Snizzle Fumblecrank	Innkeeper	10416	2369		68.9,46.1	110007	1,1
231045	Paks Topskimmer	Hotel Concierge	15347	2346		43.4,51.5	110100	1,1
232027	Innkeeper Adegwa	Innkeeper	45	14		69.6,32.5	110107	-1,1
232027	Innkeeper Adegwa	Innkeeper	15716			69.6,32.5	110107	-1,1
234461	Cherry Sherry	Innkeeper	15347	2346		36.9,47.5	110100	1,1
235079	Ba'orr	Innkeeper	15781	2472		41.0,25.0	110200	1,1
235701	Hospitus		15458	2405		53.0,68.2	120000	1,1
236097	Ta'rant	Innkeeper	15336	2371		48.6,38.4	110200	1,1
236149	Innkeeper Kalarin	Innkeeper	15968	2395		49.0,68.5	120000	1,1
238572	Darkhearth Roselym	Innkeeper	15336	2371		60.6,27.6	110200	1,1
239630	Innkeeper Jovia	Innkeeper	15969	2393		56.3,70.4	120000	1,1
240274	Tavikko	Innkeeper	15947	2437		45.4,65.0	120000	1,1
240404	Yinaa	Innkeeper	15355	2413		50.8,55.5	120000	1,1
240578	Franelle Darkdreamer	Innkeeper	15458	2405		35.6,58.6	120000	1,1
241507	Om'volt	Innkeeper	15336	2371		76.6,34.4	110200	1,1
241739	Innkeeper Kalarin	Innkeeper	15968	2395		49.1,68.1	120000	1,1
241791	Narou	Innkeeper	15355	2413		31.0,65.0	120000	1,1
242949	Sylmara Dawnpetal	Innkeeper	15968	2395		46.2,46.0	120000	1,1
244912	Darkhearth Kein	Innkeeper	15458	2405		41.6,74.6	120000	1,1
245405	Silmar	Innkeeper	15336	2371		50.0,59.5	110200	1,1
247804	Innkeeper Delaniel	Innkeeper	15969	2393		67.0,62.2	120000	,1
249879	Innkeeper Areyn	Innkeeper	15968	2395		39.2,61.4	120000	1,1
251988	Tla'nith	Innkeeper	15355	2413		69.1,51.5	120000	1,1
253042	Gav'jan	Innkeeper	15947	2437		36.8,23.5	120000	1,1
254942	Innkeeper Mugi	Innkeeper	15355	2413		66.2,24.5	120000	1,1
255184	Provisioner Jok	Innkeeper	15947	2437		46.5,25.7	120000	1,1
258354	Gnu'la	Innkeeper	15355	2413		35.0,22.8	120000	1,1
258499	Yonaa	Innkeeper	15921			65.5,61.4	120000	1,1
258728	Derek Redeye	Innkeeper	15958	2444		75.8,77.4	120000	1,
258734	Thack Helmfitter	Innkeeper	15958	2444		21.2,55.5	120000	,1
265147	Ven'ek	Innkeeper	16365	2512		58.4,45.4	120100	1,1